origin,review_category,decision,reason,file,lines,item,guard_category,count,literal,fingerprint,in_baseline_now
#387,R1,fixed G1 (guard follows cfg(test) mod),test-only,src/mssql_dump/revision_mix_tests.rs,9-77,bag,uuid-literal,1,b02800e9-a8d1-42ab-9a12-f673e92be968,04b952a0997395f4cfbfba2090153f104739a1cd5af9120c6ca125db9ddf569f,no
#387,R1,fixed G1 (guard follows cfg(test) mod),test-only,src/mssql_dump/revision_mix_tests.rs,9-77,bag,uuid-literal,1,3b10624f-1e3d-495d-8093-25225efc5313,09b910e1ef8b9b61cc2dd178a5df9bbea0f4de28b7d8e48b11711bb2bb71e099,no
#387,R1,fixed G1 (guard follows cfg(test) mod),test-only,src/mssql_dump/revision_mix_tests.rs,9-77,bag,uuid-literal,1,4690ff70-e3fa-4914-9127-6a9acc5fc949,11ed81c38f387849354fb24ebb10476fbf4407b600e34b4393492af8ca0fa7c4,no
#387,R1,fixed G1 (guard follows cfg(test) mod),test-only,src/mssql_dump/revision_mix_tests.rs,9-77,bag,uuid-literal,1,98ea8e5a-b586-442b-b944-6e3447734aa7,1ace97a2b7f77e492814d0e332f94de0f276ed56cd1bb04464353ec96d82f901,no
#387,R1,fixed G1 (guard follows cfg(test) mod),test-only,src/mssql_dump/revision_mix_tests.rs,9-77,bag,uuid-literal,1,88149a78-9448-4767-867b-0e650d165d2e,1ce213e294e1cd4ae2f21d4f875d2fbcd032cd1b4f4fdaddf5cfb42a240bef18,no
#387,R1,fixed G1 (guard follows cfg(test) mod),test-only,src/mssql_dump/revision_mix_tests.rs,9-77,bag,uuid-literal,1,e3da683b-c54a-457a-a243-b9b4f9bf76dd,21979745c1a50013ae859fd8781b14068c950b639499351dcd1fecc473bbd227,no
#387,R1,fixed G1 (guard follows cfg(test) mod),test-only,src/mssql_dump/revision_mix_tests.rs,9-77,bag,uuid-literal,1,6e3a1131-37a3-4da5-8895-572d9d0c9db6,244df8f39be811d2e276918d729513aa1353b700909a6ec56c7780608fbc72f5,no
#387,R1,fixed G1 (guard follows cfg(test) mod),test-only,src/mssql_dump/revision_mix_tests.rs,9-77,bag,uuid-literal,1,c65a541f-0b91-4f33-bc88-fbaaa57f9992,2e7ccda236b153b7a356257b151888df31e9e022eb222c67849d7bd9c2417507,no
#387,R1,fixed G1 (guard follows cfg(test) mod),test-only,src/mssql_dump/revision_mix_tests.rs,9-77,bag,uuid-literal,1,157fa490-4ce9-11d4-9415-008048da11f9,30e5b8b7666120867fe74c6e2fd833d9a71dc0c792082591d7238868c3273b4a,no
#387,R1,fixed G1 (guard follows cfg(test) mod),test-only,src/mssql_dump/revision_mix_tests.rs,9-77,bag,uuid-literal,2,d46ea122-3201-4e5e-bed4-e669c6e463c8,3252b0c07e01c6eac4701c60a543e5e5c81a8ea01b6ccef3cdcb19571e47b8ee,no
#387,R1,fixed G1 (guard follows cfg(test) mod),test-only,src/mssql_dump/revision_mix_tests.rs,9-77,bag,uuid-literal,1,4de03908-56f4-4396-a61e-17253afca9ac,34ae69cc0680981ab8783aaea56f0910f5c47c6f394ab23c451b7b86741eff6d,no
#387,R1,fixed G1 (guard follows cfg(test) mod),test-only,src/mssql_dump/revision_mix_tests.rs,9-77,bag,uuid-literal,1,9288a8ed-b259-46d0-a8e3-70d87956ff2d,357f93e5ed38c48e4391cb2706f60fcef790a70f64b7e28d52d06c5c65f4298a,no
#387,R1,fixed G1 (guard follows cfg(test) mod),test-only,src/mssql_dump/revision_mix_tests.rs,9-77,bag,uuid-literal,1,2c8143d5-4248-4c43-8bfb-307c0be2e415,4159df99a36c3bc05bc957953e77a44ae0add485482884e69a39778c254aa467,no
#387,R1,fixed G1 (guard follows cfg(test) mod),test-only,src/mssql_dump/revision_mix_tests.rs,9-77,bag,uuid-literal,1,cf4abea3-37b2-11d4-940f-008048da11f9,4ae067c109c705b813e95d11dc091d579f8848e84732a3bfbbb844d29fd820b3,no
#387,R1,fixed G1 (guard follows cfg(test) mod),test-only,src/mssql_dump/revision_mix_tests.rs,9-77,bag,uuid-literal,1,33c74a4d-561f-4bc0-9eaa-8d21c893c0a9,4c6368035d8041f322d278380ce38c717dbe0916e0307961f9a515f965d4e25b,no
#387,R1,fixed G1 (guard follows cfg(test) mod),test-only,src/mssql_dump/revision_mix_tests.rs,9-77,bag,uuid-literal,1,12ca4003-ac70-450e-b897-37faf86bd313,51a857a98fdf6eee729e58f347480e219b2bf7d838928758619f4f0e019295fa,no
#387,R1,fixed G1 (guard follows cfg(test) mod),test-only,src/mssql_dump/revision_mix_tests.rs,9-77,bag,uuid-literal,1,f49e4ced-4033-4e6c-8755-9fbaaccd6078,52c4ce62201bfc2c8dd2466a9b5d895b0e37f3d1584b3fb3818c33c61cfe9c22,no
#387,R1,fixed G1 (guard follows cfg(test) mod),test-only,src/mssql_dump/revision_mix_tests.rs,9-77,bag,uuid-literal,2,ace3fd07-11b2-477e-ab7f-36f0ea37c8dd,60411f5dc640779b5ffe525eb766678523c01930ba067bce5d5bb1baf1326323,no
#387,R1,fixed G1 (guard follows cfg(test) mod),test-only,src/mssql_dump/revision_mix_tests.rs,9-77,bag,uuid-literal,1,00000000-0000-0000-0000-000000000000,61937bbb2cfd671d8739e8b370cfbfd973ccf19da2ba3617e3fd82acf9487bba,no
#387,R1,fixed G1 (guard follows cfg(test) mod),test-only,src/mssql_dump/revision_mix_tests.rs,9-77,bag,uuid-literal,1,580c29e2-8af4-4258-882a-7cf8073e61c8,69a7d01945fb98f33c1030a420d1df66c5b6d8c76bc74c1752c8c4e7f9cab0e8,no
#387,R1,fixed G1 (guard follows cfg(test) mod),test-only,src/mssql_dump/revision_mix_tests.rs,9-77,bag,uuid-literal,1,90ae4b5d-e0fd-49ef-a008-d67c1e75038c,721625f9e82cdfba7ea0d930b6031a110f574602a9ad46bf7cbce78c34618e80,no
#387,R1,fixed G1 (guard follows cfg(test) mod),test-only,src/mssql_dump/revision_mix_tests.rs,9-77,bag,uuid-literal,1,f2eaae14-91a7-47b9-9d69-097877f41580,774fa3000f9b4a0e8f2250c9d4be0270cb1f12967bf7861a36fd16d0b5782c11,no
#387,R1,fixed G1 (guard follows cfg(test) mod),test-only,src/mssql_dump/revision_mix_tests.rs,9-77,bag,uuid-literal,1,7ba608f2-e654-42a3-8885-334fe88ca910,7ec8518103db50c22e95721fb79f0742024954d65a5afa0f551ce0025b0b9ec3,no
#387,R1,fixed G1 (guard follows cfg(test) mod),test-only,src/mssql_dump/revision_mix_tests.rs,9-77,bag,uuid-literal,4,87024738-fc2a-4436-ada1-df79d395c424,80c538cea36490a9ef301b983e67cdf5f2e45281e3d9466be6554bf35c200468,no
#387,R1,fixed G1 (guard follows cfg(test) mod),test-only,src/mssql_dump/revision_mix_tests.rs,9-77,bag,uuid-literal,1,cf4abea4-37b2-11d4-940f-008048da11f9,8bc6c91ea0710d0e3d79f3e4a089a089fd7b4186f9a28687fd4171fcc397d7f4,no
#387,R1,fixed G1 (guard follows cfg(test) mod),test-only,src/mssql_dump/revision_mix_tests.rs,9-77,bag,uuid-literal,1,d4232326-022b-421e-b6d3-88e418f74327,8eaf58b2fd05e496f0036af6350acf06b18812cc105206368991ed9445e32606,no
#387,R1,fixed G1 (guard follows cfg(test) mod),test-only,src/mssql_dump/revision_mix_tests.rs,9-77,bag,uuid-literal,1,3eaf5a8b-06d6-47b0-ac7d-a9698247f499,9e2e19c1ddd859a7d589380533717c22b5a8f43e4fb7dc196ae3159920018788,no
#387,R1,fixed G1 (guard follows cfg(test) mod),test-only,src/mssql_dump/revision_mix_tests.rs,9-77,bag,uuid-literal,1,e6b3f5f3-bdf3-4ad0-bc60-7323b3feb208,a15604938ea836892c0a1a5d6bf79e6c5919138a760c08d4eeb622fe34f5588b,no
#387,R1,fixed G1 (guard follows cfg(test) mod),test-only,src/mssql_dump/revision_mix_tests.rs,9-77,bag,uuid-literal,1,fcf503b8-1c06-454a-970c-06413e64aee5,a785283fdfba5c24b92f2403c1b21146f7d82a1ada5d0e17c37e74b6308425cb,no
#387,R1,fixed G1 (guard follows cfg(test) mod),test-only,src/mssql_dump/revision_mix_tests.rs,9-77,bag,uuid-literal,1,1183c14f-f814-49c6-9233-a3c26b3f64cf,bcc3b9d446e7253d4fd868b0e8dbfab8d5695a49fb10783f4c9e5d4370ed3cd0,no
#387,R1,fixed G1 (guard follows cfg(test) mod),test-only,src/mssql_dump/revision_mix_tests.rs,9-77,bag,uuid-literal,1,b76a58b9-2a56-4e46-bb31-8e04ad9f31ae,c0153bca7cc9abd3636ef4ce0bade7419a3a60ba4bdc01531a61f030787564c2,no
#387,R1,fixed G1 (guard follows cfg(test) mod),test-only,src/mssql_dump/revision_mix_tests.rs,9-77,bag,uuid-literal,1,2723eb98-b4c1-498a-a6f3-70444757902f,c444a9c0d38e1de9698325ea9fde37bb7c3660c645a9b5a95944ac9bd84d5198,no
#387,R1,fixed G1 (guard follows cfg(test) mod),test-only,src/mssql_dump/revision_mix_tests.rs,9-77,bag,uuid-literal,2,ad3615c5-aae6-4725-89be-91827523abd9,caf7e79542273e616346b8f1f905ba0acb077f17e3942e777e1a3b0b130a90b9,no
#387,R1,fixed G1 (guard follows cfg(test) mod),test-only,src/mssql_dump/revision_mix_tests.rs,9-77,bag,uuid-literal,1,6c4f7074-e7d4-48eb-b31b-132873666262,d87b3c8607ed5e3f7fb704c377b4c244561c2885efbc535620f17c47f4a211d8,no
#387,R1,fixed G1 (guard follows cfg(test) mod),test-only,src/mssql_dump/revision_mix_tests.rs,9-77,bag,uuid-literal,1,9ad557b1-249e-48dc-824b-3e149ecf10a6,e019027e70bf090f0bbf245810cafe7818c3008e722578f13e3f90d8b0a9e49b,no
#387,R1,fixed G1 (guard follows cfg(test) mod),test-only,src/mssql_dump/revision_mix_tests.rs,9-77,bag,uuid-literal,2,3b8e6bdd-d648-49d5-af2f-d46d84f87dd5,e62945b0b1b6cc689b7df91ceb8f419a30159c0b8638a921e830b4c348f7340f,no
#387,R1,fixed G1 (guard follows cfg(test) mod),test-only,src/mssql_dump/revision_mix_tests.rs,9-77,bag,uuid-literal,1,2bbba66b-fabf-4863-8ba3-54b3c64c896e,f1bee41a7974baea02f364e0387a7d099e393c989f8713fb1e0b972a7cc594f2,no
#387,R1,fixed G1 (guard follows cfg(test) mod),test-only,src/mssql_dump/revision_mix_tests.rs,119-148,configuration_mode_rights_print_in_canonical_order_whatever_the_stored_one,uuid-literal,1,3c00c6ee-844e-4620-85e4-671e72f114d9,207c5ff069de600ca43c9dc913d3fd8b7267dbadec9ee96ddb61b165704d7717,no
#387,R1,fixed G1 (guard follows cfg(test) mod),test-only,src/mssql_dump/revision_mix_tests.rs,119-148,configuration_mode_rights_print_in_canonical_order_whatever_the_stored_one,uuid-literal,1,818fc6c3-4691-44e3-a80c-e8d424730ead,30752f8542783f6be8df9f7ff302aa9f726bb92628598675c8c23b43d7a08c8c,no
#387,R1,fixed G1 (guard follows cfg(test) mod),test-only,src/mssql_dump/revision_mix_tests.rs,119-148,configuration_mode_rights_print_in_canonical_order_whatever_the_stored_one,uuid-literal,1,d066966a-ff6a-4a41-bd68-6191cab083bc,31a20e92d5ccb908b57ac8a2b7771401e54ac037c4f7a57dcf1729208b7eca07,no
#387,R1,fixed G1 (guard follows cfg(test) mod),test-only,src/mssql_dump/revision_mix_tests.rs,119-148,configuration_mode_rights_print_in_canonical_order_whatever_the_stored_one,uuid-literal,1,d8682bbb-7800-4aa0-8590-d3cb11fe2a29,5b9621fcd5fa77a35f5071a0eb4cf0d40d091f9587aa395c4308f14ce624536a,no
#387,R1,fixed G1 (guard follows cfg(test) mod),test-only,src/mssql_dump/revision_mix_tests.rs,119-148,configuration_mode_rights_print_in_canonical_order_whatever_the_stored_one,uuid-literal,1,155a0b35-4343-4047-989b-d385373b063e,68ee26ae8690c11773db8c5aa3f10de4fc725044b93b18384939e1099ef28840,no
#387,R1,fixed G1 (guard follows cfg(test) mod),test-only,src/mssql_dump/revision_mix_tests.rs,119-148,configuration_mode_rights_print_in_canonical_order_whatever_the_stored_one,uuid-literal,1,1e50809b-73ed-4935-bb77-2616c4cabdf5,8353ae5b989d11d3626ea81adb9879d3f525ce9a35247fd22f3e2b876c344b81,no
#387,R1,fixed G1 (guard follows cfg(test) mod),test-only,src/mssql_dump/revision_mix_tests.rs,119-148,configuration_mode_rights_print_in_canonical_order_whatever_the_stored_one,uuid-literal,1,f7c6a0bb-bca6-4cd3-9146-832971cd7073,84ff31a87d9ff2bf04195a87dd6ff518c2a9320fd5502295635bf200e152311e,no
#387,R1,fixed G1 (guard follows cfg(test) mod),test-only,src/mssql_dump/revision_mix_tests.rs,119-148,configuration_mode_rights_print_in_canonical_order_whatever_the_stored_one,uuid-literal,1,31c3d4f6-7d02-4654-a14e-06aacafcb4fa,9bd2a24d7c6f9da83cce0584cd8aa035c535eb72f206f537a2ef0004b493ceec,no
#387,R1,fixed G1 (guard follows cfg(test) mod),test-only,src/mssql_dump/revision_mix_tests.rs,119-148,configuration_mode_rights_print_in_canonical_order_whatever_the_stored_one,uuid-literal,1,b9b44b51-3ac9-47cd-8b5a-df51afdcceb0,c1bb539ebb9bb6cd78ac6ae1c7db3052098825d18d2ed44194f4b9d64acd083a,no
#387,R1,fixed G1 (guard follows cfg(test) mod),test-only,src/mssql_dump/revision_mix_tests.rs,119-148,configuration_mode_rights_print_in_canonical_order_whatever_the_stored_one,uuid-literal,1,f6168734-8b8d-4a88-ab39-ef6b51758e83,d4edac40e0949e14c081614283df32e15ebb55dbfe81e64e6eae9d00947539ec,no
#387,R1,fixed G1 (guard follows cfg(test) mod),test-only,src/mssql_dump/tests/onecdec.rs,13-16,owner_form_ref_falls_back_to_a_foreign_common_form,uuid-literal,1,9d6d77a9-1f55-4162-93a5-14bb3f3febaf,3c11c5d718df27f31dc377adb6d8bcab434d85b3eb5e9c1b03da498c91a08b7b,no
#387,R1,fixed G1 (guard follows cfg(test) mod),test-only,src/mssql_dump/tests/onecdec.rs,17-20,owner_form_ref_falls_back_to_a_foreign_common_form,uuid-literal,1,14512818-58b0-44cc-b00d-d37913c57aad,201282909bae54f636ad46fde0706648e42de6366795566323514fe2f3cb1d80,no
#387,R1,fixed G1 (guard follows cfg(test) mod),test-only,src/mssql_dump/tests/onecdec.rs,21-29,owner_form_ref_falls_back_to_a_foreign_common_form,uuid-literal,1,9d6d77a9-1f55-4162-93a5-14bb3f3febaf,14b48a6ca2c0e28dbe959c2bd1791656537e68cf5a3f8fc6bdfec1b2b9268d95,no
#387,R1,fixed G1 (guard follows cfg(test) mod),test-only,src/mssql_dump/tests/onecdec.rs,31-38,owner_form_ref_falls_back_to_a_foreign_common_form,uuid-literal,1,14512818-58b0-44cc-b00d-d37913c57aad,a0966e6597138dbfb304992112db69b8544b2ad877c6b20e58a878d1434bb047,no
#387,R1,fixed G1 (guard follows cfg(test) mod),test-only,src/mssql_dump/tests/onecdec.rs,43,foreign_types_never_override_storage_ids_but_may_respell_a_type_set,uuid-literal,1,280f5f0e-9c8a-49cc-bf6d-4d296cc17a63,f9dbb0501cebb3bc94c50599ff2b807f2e5c896209d3e6653a6d612dad016592,no
#387,R1,fixed G1 (guard follows cfg(test) mod),test-only,src/mssql_dump/tests/onecdec.rs,45-48,foreign_types_never_override_storage_ids_but_may_respell_a_type_set,uuid-literal,1,aaaaaaaa-0000-0000-0000-000000000001,61544078e1e3e92d8a294e9351bb47ad18e9719a46150204e6b200ab991590f9,no
#387,R1,fixed G1 (guard follows cfg(test) mod),test-only,src/mssql_dump/tests/onecdec.rs,52-53,foreign_types_never_override_storage_ids_but_may_respell_a_type_set,xml-policy,1,"""cfg:AnyIBRef""",af8c4ff00086f8b1e80ece2ab64cb7698cb4fbb32339bfc0a60df01183257dbd,no
#387,R1,fixed G1 (guard follows cfg(test) mod),test-only,src/mssql_dump/tests/onecdec.rs,56-70,foreign_types_never_override_storage_ids_but_may_respell_a_type_set,uuid-literal,1,bbbbbbbb-0000-0000-0000-000000000002,c39eb78d0509a6687f9fda4fec9a526bdc625eab5c620bd2141e945954d05dbb,no
#387,R1,fixed G1 (guard follows cfg(test) mod),test-only,src/mssql_dump/tests/onecdec.rs,56-70,foreign_types_never_override_storage_ids_but_may_respell_a_type_set,uuid-literal,1,aaaaaaaa-0000-0000-0000-000000000001,d581b20e8b5660ea472c9e94025592c0b5cad563160230f4c02ed4d34b9f3979,no
#387,R1,fixed G1 (guard follows cfg(test) mod),test-only,src/mssql_dump/tests/onecdec.rs,72-75,foreign_types_never_override_storage_ids_but_may_respell_a_type_set,uuid-literal,1,aaaaaaaa-0000-0000-0000-000000000001,1d00c8d1b0133858a1a639a216c0a58fee885f3c63b3f8f9a4704c52fdff53a2,no
#387,R1,fixed G1 (guard follows cfg(test) mod),test-only,src/mssql_dump/tests/onecdec.rs,76-79,foreign_types_never_override_storage_ids_but_may_respell_a_type_set,uuid-literal,1,bbbbbbbb-0000-0000-0000-000000000002,c13c1783910c6953813a2c07a32c714695ecb031eb0afdcfd7c74ab614a4dd81,no
#387,R1,fixed G1 (guard follows cfg(test) mod),test-only,src/mssql_dump/tests/onecdec.rs,80-82,foreign_types_never_override_storage_ids_but_may_respell_a_type_set,uuid-literal,1,bbbbbbbb-0000-0000-0000-000000000002,35faa60a19daeebe5ee0fa01fcab5f6e2e3f6df1a21c233ae684b3a6655c55cf,no
#387,R1,fixed G1 (guard follows cfg(test) mod),test-only,src/mssql_dump/tests/onecdec.rs,83-84,foreign_types_never_override_storage_ids_but_may_respell_a_type_set,xml-policy,1,"""cfg:DocumentRef.\u0414""",0b30cb8729200fd2fe98e27154df8589bb3faf6919e7207fc44dfde2d5e286c5,no
#387,R1,fixed G1 (guard follows cfg(test) mod),test-only,src/mssql_dump/tests/onecdec.rs,89-90,foreign_types_never_override_storage_ids_but_may_respell_a_type_set,xml-policy,1,"""cfg:AnyRef""",d95937ca1db1a44fde819b31ec5a34f9e0f8af60414a5c64cd15f6cc0ece1736,no
#387,R1,fixed G1 (guard follows cfg(test) mod),test-only,src/mssql_dump/tests/onecdec.rs,140,a_button_of_revision_30_at_the_canonical_length_is_read_unpadded,uuid-literal,2,02023637-7868-4a5f-8576-835a76e0c9ba,29a04ba52ff043539409656a65ba0a34c907f29137fb34989c6d5f75ea50e33a,no
#387,R1,fixed G1 (guard follows cfg(test) mod),test-only,src/mssql_dump/tests/onecdec.rs,140,a_button_of_revision_30_at_the_canonical_length_is_read_unpadded,uuid-literal,1,409b9a53-7f7e-4178-86c1-33176c7c7a7a,72fc77e7e90505696bbab980ac14f92a2fc81695c540e4352bd8347ea31dc793,no
#387,R1,fixed G1 (guard follows cfg(test) mod),test-only,src/mssql_dump/tests/onecdec.rs,140,a_button_of_revision_30_at_the_canonical_length_is_read_unpadded,uuid-literal,1,48312c09-257f-4b29-b280-284dd89efc1e,d87fccc280cb5c7e83b46271ef3405ca4e73e5ba7ce137efa6a5cd5ff2898da7,no
#387,R1,fixed G1 (guard follows cfg(test) mod),test-only,src/mssql_dump/tests/onecdec.rs,154-157,a_button_of_revision_30_at_the_canonical_length_is_read_unpadded,name-special-case,1,"""<ToolTipRepresentation>None</ToolTipRepresentation>""",2ada2aee9374f228d23c50f5a3808f164a6ff24c1d754552810decc57f862a2b,no
#387,R1,fixed G1 (guard follows cfg(test) mod),test-only,src/mssql_dump/tests/onecdec.rs,154-157,a_button_of_revision_30_at_the_canonical_length_is_read_unpadded,xml-policy,1,"""<ToolTipRepresentation>None</ToolTipRepresentation>""",018cebdadc4c8a9e93636ab3f63f1edc32bf650768c9dba54280fb3c741503c0,no
#387,R1,fixed G1 (guard follows cfg(test) mod),test-only,src/mssql_dump/tests/onecdec.rs,158,a_button_of_revision_30_at_the_canonical_length_is_read_unpadded,name-special-case,1,"""<CommandUniqueness>""",a96f084054f5ea26f1b057310167611221f6192c03c0d2ea87991dcf8476418a,no
#387,R1,fixed G1 (guard follows cfg(test) mod),test-only,src/mssql_dump/tests/onecdec.rs,158,a_button_of_revision_30_at_the_canonical_length_is_read_unpadded,xml-policy,1,"""<CommandUniqueness>""",9b18baa8e5f34af4345655d4fd88cf4b3a564be118307b1f7860239d1ba852ef,no
#387,R1,fixed G1 (guard follows cfg(test) mod),test-only,src/mssql_dump/tests/onecdec.rs,166-169,unidentified_items_are_numbered_but_the_navigator_is_not,uuid-literal,2,02023637-7868-4a5f-8576-835a76e0c9ba,044b6fc435cdad7810722c6e1b8dbae732d7347b19c945047f8b01cd7f194d94,no
#387,R1,fixed G1 (guard follows cfg(test) mod),test-only,src/mssql_dump/tests/onecdec.rs,171-174,unidentified_items_are_numbered_but_the_navigator_is_not,name-special-case,1,"""{22,{0},0,0,0,7,\""Navigator\"",{12,{0},""",653211264ed6984efe162a5008fde6098665718c7792ca20e2fda36e03eda2fe,no
#387,R1,fixed G1 (guard follows cfg(test) mod),test-only,src/mssql_dump/tests/onecdec.rs,175-178,unidentified_items_are_numbered_but_the_navigator_is_not,uuid-literal,2,02023637-7868-4a5f-8576-835a76e0c9ba,566a2f30bd7233071578b0c2f1c6ea2f638fb68d3edc094b5a6c951ba5da003b,no
#387,R1,fixed G1 (guard follows cfg(test) mod),test-only,src/mssql_dump/tests/onecdec.rs,190,enum_values_under_the_older_header_spelling_are_read,uuid-literal,1,dee62b97-84de-42d8-a934-d6f60c35d806,14e6e110612cd8b2bf890afc1147f7c3ef11c026efb5f4aa30ad8f60a2f08b58,no
#387,R1,fixed G1 (guard follows cfg(test) mod),test-only,src/mssql_dump/tests/onecdec.rs,190,enum_values_under_the_older_header_spelling_are_read,uuid-literal,1,aaaaaaaa-0000-4000-8000-000000000002,28e3d2db7e87334246baf8872ce29708a3cad6dcacc8c8277d7d18081f27aa2e,no
#387,R1,fixed G1 (guard follows cfg(test) mod),test-only,src/mssql_dump/tests/onecdec.rs,190,enum_values_under_the_older_header_spelling_are_read,uuid-literal,1,aaaaaaaa-0000-4000-8000-000000000003,2b34fa5307ba9f29747b2668586117aeb590e01a60aee196939fb63c08ca9376,no
#387,R1,fixed G1 (guard follows cfg(test) mod),test-only,src/mssql_dump/tests/onecdec.rs,190,enum_values_under_the_older_header_spelling_are_read,uuid-literal,1,bee0a08c-07eb-40c0-8544-5c364c171465,31738b0eda84d5ac55d017cb3f7fe351afaf78a4c62f5ace02282e3f5fbe4226,no
#387,R1,fixed G1 (guard follows cfg(test) mod),test-only,src/mssql_dump/tests/onecdec.rs,190,enum_values_under_the_older_header_spelling_are_read,uuid-literal,1,aaaaaaaa-0000-4000-8000-000000000001,90fa9e476fc5c9c5b28adab9aea1f4e205b36f379a3e465288e547420d11df75,no
#387,R1,fixed G1 (guard follows cfg(test) mod),test-only,src/mssql_dump/tests/onecdec.rs,199,enum_values_under_the_older_header_spelling_are_read,uuid-literal,1,aaaaaaaa-0000-4000-8000-000000000003,622d31d03c53da5f963f12bc7ec50eb6711060f8395aa855bace98068cac2e2f,no
#387,R1,fixed G1 (guard follows cfg(test) mod),test-only,src/mssql_dump/tests/onecdec.rs,207,an_orphan_form_descriptor_owns_no_integration_service_body,uuid-literal,1,aaaaaaaa-0000-4000-8000-000000000010,127bdc83912e411780bca3056c051626de0ddf6a84a1868463c45722dffe9012,no
#387,R1,fixed G1 (guard follows cfg(test) mod),test-only,src/mssql_dump/tests/onecdec.rs,208,an_orphan_form_descriptor_owns_no_integration_service_body,uuid-literal,1,aaaaaaaa-0000-4000-8000-000000000011,11728a2b84ad7609c1e1e8290a3813fb462f35b86de6a52c2ab57815a279c6f0,no
#387,R1,fixed G1 (guard follows cfg(test) mod),test-only,src/mssql_dump/tests/onecdec.rs,209-211,an_orphan_form_descriptor_owns_no_integration_service_body,uuid-literal,1,00000000-0000-0000-0000-000000000000,b3f870d2b660dc91e232875ae6dc3392412a330c510c9e084cfcf215f68874aa,no
#387,R1,fixed G1 (guard follows cfg(test) mod),test-only,src/mssql_dump/tests/onecdec.rs,209-211,an_orphan_form_descriptor_owns_no_integration_service_body,uuid-literal,2,1708fdaa-cbce-4289-b373-07a5a74bee91,bab25f21cbacc07bf5e55632bbc2a22d888b7ca9c9a051555a26802eac0c7cbb,no
#387,R1,fixed G1 (guard follows cfg(test) mod),test-only,src/mssql_dump/tests/onecdec.rs,212-214,an_orphan_form_descriptor_owns_no_integration_service_body,uuid-literal,1,ad884943-3c3a-4073-ab34-ed12a0d67556,08a14d5b180959dde94a429456dee14289e9f028aaccb1865c8f45964cb1b1e3,no
#387,R1,fixed G1 (guard follows cfg(test) mod),test-only,src/mssql_dump/tests/onecdec.rs,212-214,an_orphan_form_descriptor_owns_no_integration_service_body,uuid-literal,1,5362f1d1-1f56-4a61-a52e-6519a060293e,31dad54569d2d42ac786e8730cf21772a50b83d2c2d240a16cc64630da58aa77,no
#387,R1,fixed G1 (guard follows cfg(test) mod),test-only,src/mssql_dump/tests/onecdec.rs,212-214,an_orphan_form_descriptor_owns_no_integration_service_body,uuid-literal,1,00000000-0000-0000-0000-000000000000,8a4fb6c075be40dcdd2553ffe045c6f7dbab66dc0ac71ef6abaa6dbfa2eabde9,no
#387,R1,fixed G1 (guard follows cfg(test) mod),test-only,src/mssql_dump/tests/onecdec.rs,235,a_help_link_to_an_html_template_names_the_template_document,uuid-literal,1,aaaaaaaa-0000-4000-8000-000000000020,a088422592315b68a5ccc3bc83dde0f330d9f5fd06354e50c40629cd579a99ae,no
#387,R1,fixed G1 (guard follows cfg(test) mod),test-only,src/mssql_dump/tests/onecdec.rs,236,a_help_link_to_an_html_template_names_the_template_document,uuid-literal,1,aaaaaaaa-0000-4000-8000-000000000021,4e87303680a0341ca586b5321cde7a339667db99f28053bfc93824bdcca9817c,no
#387,R1,fixed G1 (guard follows cfg(test) mod),test-only,src/mssql_dump/tests/onecdec.rs,244-247,a_help_link_to_an_html_template_names_the_template_document,uuid-literal,1,8eb4fad1-1fa6-403e-970f-2c12dbb43e23,ac778cf1d29ab630a4951e15cc07051c6df36bd7f4ab9c943bc5b252e9373c07,no
#387,R1,fixed G1 (guard follows cfg(test) mod),test-only,src/mssql_dump/tests/onecdec.rs,244-247,a_help_link_to_an_html_template_names_the_template_document,uuid-literal,1,038b5c85-fb1c-4082-9c4c-e69f8928bf3a,c19961d10057d505c92b2b6fd158ca70648e919dfe2c75aae2b4e64c3574fa3c,no
#387,R1,fixed G1 (guard follows cfg(test) mod),test-only,src/mssql_dump/tests/onecdec.rs,244-247,a_help_link_to_an_html_template_names_the_template_document,xml-policy,1,"""<p><a href=\""../id{template}/8eb4fad1-1fa6-403e-970f-2c12dbb43e23\"">t</a>\\n   ",38ea6b537fa6aae20be64c7592a91f740e34362c7f2fe32b33401d5103242fe3,no
#387,R1,fixed G1 (guard follows cfg(test) mod),test-only,src/mssql_dump/tests/onecdec.rs,249-253,a_help_link_to_an_html_template_names_the_template_document,xml-policy,1,"""<p><a href=\""Catalog.\u0411\u0430\u0437\u0430.Template.\u0420\u0430\u0437\u0434\u0435\u043b/Template\"">t</a>\\n         <a href=\",a56b42c0f1424eef99b3fdd2029a32c9e69d579c478f45f973ed418eaaeafd08,no
#387,R1,fixed G1 (guard follows cfg(test) mod),test-only,src/mssql_dump/tests/onecdec.rs,260,a_button_group_writes_its_title_font_behind_the_title,uuid-literal,1,48312c09-257f-4b29-b280-284dd89efc1e,6bc42b004fcf5df82a4b7302d30da4505074b4f66262477ac6ab38f72d8b38e9,no
#387,R1,fixed G1 (guard follows cfg(test) mod),test-only,src/mssql_dump/tests/onecdec.rs,260,a_button_group_writes_its_title_font_behind_the_title,uuid-literal,2,02023637-7868-4a5f-8576-835a76e0c9ba,bd662c31303b0ad3fc28cf27a216a963f192ecc52c1f8d72d81fc1998aecc044,no
#387,R1,fixed G1 (guard follows cfg(test) mod),test-only,src/mssql_dump/tests/onecdec.rs,273,a_button_group_writes_its_title_font_behind_the_title,xml-policy,1,"""<Title>""",ecd6c91fd2fcc2b0ce8ba5515f3a9b4ef0cce275234bb6f363397647f36d8736,no
#387,R1,fixed G1 (guard follows cfg(test) mod),test-only,src/mssql_dump/tests/onecdec.rs,274,a_button_group_writes_its_title_font_behind_the_title,xml-policy,1,"""<TitleFont """,aba76271ff61302d8da9f996c0138848b90c4bcdcdc0826d7eb027ec941551d4,no
#387,R1,fixed G1 (guard follows cfg(test) mod),test-only,src/mssql_dump/tests/onecdec.rs,275,a_button_group_writes_its_title_font_behind_the_title,xml-policy,1,"""<ToolTip>""",ee883e9b2c6cf48c6ff3c6a8395f21d7a414e4ed9c5dd628af2184582d5f85c9,no
#387,R1,fixed G1 (guard follows cfg(test) mod),test-only,src/mssql_dump/tests/onecdec.rs,291,a_drawing_writes_no_empty_detail_parameter,name-special-case,1,"""detailParameter""",b595771d63b8c06042fbb87b160407ad01e161ae7eed865819ab9d2dd7bc4d8c,no
#387,R1,fixed G1 (guard follows cfg(test) mod),test-only,src/mssql_dump/tests/onecdec.rs,295-298,a_drawing_writes_no_empty_detail_parameter,name-special-case,1,"""<detailParameter>\u0420\u0430\u0441\u0448\u0438\u0444\u0440\u043e\u0432\u043a\u0430</detailParameter>""",41ac61261ccf54ce78c6a06d71917fd3eea3cf872f14e81adb205dc1e8d81136,no
#387,R1,fixed G1 (guard follows cfg(test) mod),test-only,src/mssql_dump/tests/onecdec.rs,295-298,a_drawing_writes_no_empty_detail_parameter,xml-policy,1,"""<detailParameter>\u0420\u0430\u0441\u0448\u0438\u0444\u0440\u043e\u0432\u043a\u0430</detailParameter>""",bc1fb36c0ace647e492478d459c74fe7a9db3b4b5514c4a06c944088e7ce8baa,no
#387,R1,fixed G1 (guard follows cfg(test) mod),test-only,src/mssql_dump/tests/onecdec.rs,315,root_dcs_schema_namespace_is_dropped_unless_the_form_uses_the_prefix,xml-policy,1,"""<Form xmlns=\""http://v8.1c.ru/8.3/xcf/logform\"" xmlns:dcscor=\""http://v8.1c.ru/",b56dd36c43c0d7bb78c63102cfe69dfdd128c2574d1d34f73b246d4391fd430a,no
#387,R1,fixed G1 (guard follows cfg(test) mod),test-only,src/mssql_dump/tests/onecdec.rs,316,root_dcs_schema_namespace_is_dropped_unless_the_form_uses_the_prefix,xml-policy,1,"""{root}\t<AutoCommandBar name=\""\u041f\"" id=\""-1\""/>\r\n</Form>""",fad8f9393a33f3937e1c237611155689118d4c765e4593a602c6ddfed9336027,no
#387,R1,fixed G1 (guard follows cfg(test) mod),test-only,src/mssql_dump/tests/onecdec.rs,317-323,root_dcs_schema_namespace_is_dropped_unless_the_form_uses_the_prefix,xml-policy,1,""" xmlns:dcssch=\""http://v8.1c.ru/8.1/data-composition-system/schema\""""",37f15cbda54f0c73e9aa1dfb24fb3439f5b50533507e24d454fa706b1c2ee2cc,no
#387,R1,fixed G1 (guard follows cfg(test) mod),test-only,src/mssql_dump/tests/onecdec.rs,324,root_dcs_schema_namespace_is_dropped_unless_the_form_uses_the_prefix,xml-policy,1,"""{root}\t<Field xsi:type=\""dcssch:DataSetFieldField\""/>\r\n</Form>""",90f8c592ffa1ca12d3630e653ab8f762831bb7d348d94b54899fac315daa8c85,no
#387,R1,fixed G1 (guard follows cfg(test) mod),test-only,src/mssql_dump/tests/onecdec.rs,333-335,owner_header_of_an_adopted_object_reads_like_an_own_one,uuid-literal,1,9595ddd6-e72c-47ad-a156-672db811628c,2d5f832a7cc1590441a75cde3b5e42f923ddf33c6e1453928714383ee8c6c7e7,no
#387,R1,fixed G1 (guard follows cfg(test) mod),test-only,src/mssql_dump/tests/onecdec.rs,333-335,owner_header_of_an_adopted_object_reads_like_an_own_one,uuid-literal,1,07c84bbc-e7d0-4cdf-b0d9-9c3ff914701a,619dd6db6dff2243f1b781b9fa0ddcb50fd472e813ea7c8aa28a78300ac99cd9,no
#387,R1,fixed G1 (guard follows cfg(test) mod),test-only,src/mssql_dump/tests/onecdec.rs,333-335,owner_header_of_an_adopted_object_reads_like_an_own_one,uuid-literal,1,92707138-5004-4378-8477-f909166d319d,e79e95b9be5375ff889733836d2830256d95cf92c88fa1078684e3cb057f5151,no
#387,R1,fixed G1 (guard follows cfg(test) mod),test-only,src/mssql_dump/tests/onecdec.rs,337,owner_header_of_an_adopted_object_reads_like_an_own_one,uuid-literal,1,07c84bbc-e7d0-4cdf-b0d9-9c3ff914701a,e3a021d4fa8d404813b19cc2486df7edf405aa0084bf24d08d8b230c92fc82de,no
#387,R1,fixed G1 (guard follows cfg(test) mod),test-only,src/mssql_dump/tests/onecdec.rs,339-340,owner_header_of_an_adopted_object_reads_like_an_own_one,uuid-literal,1,00000000-0000-0000-0000-000000000000,09682702e26932ede6fecb467315522afd166929ebb3498a7cd95205847b1930,no
#387,R1,fixed G1 (guard follows cfg(test) mod),test-only,src/mssql_dump/tests/onecdec.rs,339-340,owner_header_of_an_adopted_object_reads_like_an_own_one,uuid-literal,1,07c84bbc-e7d0-4cdf-b0d9-9c3ff914701a,8a030bc9dee86b820c9c1586411c2ddcfca75c6de9323aaa83cff8622e8978f3,no
#387,R1,fixed G1 (guard follows cfg(test) mod),test-only,src/mssql_dump/tests/onecdec.rs,343-344,owner_header_of_an_adopted_object_reads_like_an_own_one,uuid-literal,1,92707138-5004-4378-8477-f909166d319d,b9cef89c901d266ed0ec1fef588d9f293e7478d21aa311912cddc6e12d37a814,no
#387,R1,fixed G1 (guard follows cfg(test) mod),test-only,src/mssql_dump/tests/onecdec.rs,343-344,owner_header_of_an_adopted_object_reads_like_an_own_one,uuid-literal,1,07c84bbc-e7d0-4cdf-b0d9-9c3ff914701a,bdbdc45025f7b0d95a7b6e2b08261cd7d3e99bc25c32a2eec7ade236ab7cbed7,no
#387,R1,fixed G1 (guard follows cfg(test) mod),test-only,src/mssql_dump/tests/onecdec.rs,352-374,names_the_standard_pictures_of_the_query_wizard_forms,uuid-literal,1,270de5f0-f2df-4845-9fde-30b1ec486217,57cdbaf1ec9dbd7c888ec4effaebabfde3aa2699488b97323445ea70ddcdf998,no
#387,R1,fixed G1 (guard follows cfg(test) mod),test-only,src/mssql_dump/tests/onecdec.rs,352-374,names_the_standard_pictures_of_the_query_wizard_forms,uuid-literal,1,fafe4c1f-c265-4220-a0e1-8f82af26b72e,79ccce0c2bf86dd89421d4ef2df3941e45d79db64549fad364f0170cc28d858a,no
#387,R1,fixed G1 (guard follows cfg(test) mod),test-only,src/mssql_dump/tests/onecdec.rs,352-374,names_the_standard_pictures_of_the_query_wizard_forms,uuid-literal,1,a119150f-6c0c-4a94-97b0-5f08d7ebd6f5,98f98966eb4d5eb5d44ace645ad38d160a4485105a98dfcc9213470b24d9d4b0,no
#387,R1,fixed G1 (guard follows cfg(test) mod),test-only,src/mssql_dump/tests/onecdec.rs,352-374,names_the_standard_pictures_of_the_query_wizard_forms,uuid-literal,1,18bca3d7-a7a5-41df-a180-4dff9c217f43,c2362bdf9537db4da7cb00e537144f3632b048f5f50042f456a43e348de72f71,no
#387,R1,fixed G1 (guard follows cfg(test) mod),test-only,src/mssql_dump/tests/onecdec.rs,352-374,names_the_standard_pictures_of_the_query_wizard_forms,uuid-literal,1,c8a269ff-5b6d-4f42-9fa6-369d7b492aa7,c51ba1f03e6448ae2458ae16cb23aadd5e9869bc3d5716dff3cd19d2e84bb8db,no
#387,R1,fixed G1 (guard follows cfg(test) mod),test-only,src/mssql_dump/tests/onecdec.rs,352-374,names_the_standard_pictures_of_the_query_wizard_forms,uuid-literal,1,7604cff7-5cc6-4f88-8d16-504f01b92a3c,fd8009ba7c905c520b9863b0fca89137f83ab9868b99d9f1a7a456ce9ac6a1b3,no
#387,R1,fixed G1 (guard follows cfg(test) mod),test-only,src/mssql_dump/tests/onecdec.rs,386,an_empty_language_is_written_as_the_platform_writes_it,xml-policy,1,"""\u{feff}<?xml version=\""1.0\"" encoding=\""UTF-8\""?>\r\n<Synonym>\r\n\t<v8:item>\",bc05c1703b86ddba7e17c0b5f1ffb0629eeb04e58310ae5ede134b3e0701e059,no
#387,R1,fixed G1 (guard follows cfg(test) mod),test-only,src/mssql_dump/tests/onecdec.rs,390,an_empty_language_is_written_as_the_platform_writes_it,name-special-case,1,"""\t\t<v8:lang/>\r\n""",c721e7dd7d076844adeddd5083f379241d1f5be6c04434b7067b4cd51903f8f6,no
#387,R1,fixed G1 (guard follows cfg(test) mod),test-only,src/mssql_dump/tests/onecdec.rs,390,an_empty_language_is_written_as_the_platform_writes_it,xml-policy,1,"""\t\t<v8:lang/>\r\n""",5c91d8697121336fd06b4414ee55e7cf7275aca032b9272809f46d91e140976f,no
#387,R1,fixed G1 (guard follows cfg(test) mod),test-only,src/mssql_dump/tests/onecdec.rs,391,an_empty_language_is_written_as_the_platform_writes_it,name-special-case,1,"""<v8:lang></v8:lang>""",542e948784a39edfbec3f9e8c9ed759f6619d276ab2e249a21ba232dd5fcaa1a,no
#387,R1,fixed G1 (guard follows cfg(test) mod),test-only,src/mssql_dump/tests/onecdec.rs,391,an_empty_language_is_written_as_the_platform_writes_it,xml-policy,1,"""<v8:lang></v8:lang>""",bc17758686a7cc06be6f24f880d15d8760ae4a618d954ab7fe07a0df987bb825,no
#387,R1,fixed G1 (guard follows cfg(test) mod),test-only,src/mssql_dump/tests/onecdec.rs,410,a_single_row_table_has_no_select_all,uuid-literal,1,51c99108-107c-43e1-8918-e48835bf2495,2a7c348b8713204b907d8e22e4d052dbcfd6adf45c82b49eef4da8c9a8f08578,no
#387,R1,fixed G1 (guard follows cfg(test) mod),test-only,src/mssql_dump/tests/onecdec.rs,421-425,a_single_row_table_has_no_select_all,uuid-literal,1,00000000-0000-0000-0000-000000000001,5189f9c739c2abdb0af72b50d3dea64d570cb696e6166b472a2bbc6f70cfc67b,no
#387,R1,fixed G1 (guard follows cfg(test) mod),test-only,src/mssql_dump/tests/onecdec.rs,463-471,configuration_root_rights_of_an_itk_storage_structure_role,uuid-literal,1,155a0b35-4343-4047-989b-d385373b063e,055131ebc5527eaa33036646dd628303a9783c9f6db8c078e1bc05163ce13f01,no
#387,R1,fixed G1 (guard follows cfg(test) mod),test-only,src/mssql_dump/tests/onecdec.rs,463-471,configuration_root_rights_of_an_itk_storage_structure_role,uuid-literal,1,818fc6c3-4691-44e3-a80c-e8d424730ead,182ae112ebe3c34fe97f24943da26e3537ba5167e3dc88a895ffc94b354fb5eb,no
#387,R1,fixed G1 (guard follows cfg(test) mod),test-only,src/mssql_dump/tests/onecdec.rs,463-471,configuration_root_rights_of_an_itk_storage_structure_role,uuid-literal,1,10b8ce49-ae3d-4a2e-afe7-1e3648bd59f7,1c1e1ef2f330dc3d1108c2a50914eeeabb2147c05efbb7f5868579ac732c9b9c,no
#387,R1,fixed G1 (guard follows cfg(test) mod),test-only,src/mssql_dump/tests/onecdec.rs,463-471,configuration_root_rights_of_an_itk_storage_structure_role,uuid-literal,1,4fa25267-a0df-4ed0-8f71-204ffdf18e1e,2314739b220e300296fb044d70828adb8ca6df1d6bcacc758a8c4d4790a4e0ea,no
#387,R1,fixed G1 (guard follows cfg(test) mod),test-only,src/mssql_dump/tests/onecdec.rs,463-471,configuration_root_rights_of_an_itk_storage_structure_role,uuid-literal,1,399d7390-8d83-4a57-b4d7-c902c15b701f,30a52c31c3443aa8c60fb8bbf6b9b9cc46b08e10548994f328691c31a302709d,no
#387,R1,fixed G1 (guard follows cfg(test) mod),test-only,src/mssql_dump/tests/onecdec.rs,463-471,configuration_root_rights_of_an_itk_storage_structure_role,uuid-literal,1,1c799cf9-342d-4bf7-9b6f-951a009228ce,951f98974d84d653682dae18d0fe25e6b2787f437c51a973644920b1e1a8c099,no
#387,R1,fixed G1 (guard follows cfg(test) mod),test-only,src/mssql_dump/tests/onecdec.rs,463-471,configuration_root_rights_of_an_itk_storage_structure_role,uuid-literal,1,f6168734-8b8d-4a88-ab39-ef6b51758e83,973215aa9aab0623e7a18011cff8468d05c7b67999854cf4045450737f39bfe6,no
#387,R1,fixed G1 (guard follows cfg(test) mod),test-only,src/mssql_dump/tests/onecdec.rs,463-471,configuration_root_rights_of_an_itk_storage_structure_role,uuid-literal,1,07ef4641-f7da-417a-bd75-35c40a17c2f7,992d5fad0a41dd285f06cd46bb743dea4146272606fc7fae0b8a13c0507dbee8,no
#387,R1,fixed G1 (guard follows cfg(test) mod),test-only,src/mssql_dump/tests/onecdec.rs,463-471,configuration_root_rights_of_an_itk_storage_structure_role,uuid-literal,1,02119c69-f08a-4142-9426-3725d74b7719,b14b8304e9dfd68269530b7a79f0bd77d872eff9d27f5bce45d254fcb7ec9926,no
#387,R1,fixed G1 (guard follows cfg(test) mod),test-only,src/mssql_dump/tests/onecdec.rs,463-471,configuration_root_rights_of_an_itk_storage_structure_role,uuid-literal,1,d066966a-ff6a-4a41-bd68-6191cab083bc,b24fcb873822508f46d0c1780e80f2521e373738a2a368d924562475dd8e90c6,no
#387,R1,fixed G1 (guard follows cfg(test) mod),test-only,src/mssql_dump/tests/onecdec.rs,463-471,configuration_root_rights_of_an_itk_storage_structure_role,uuid-literal,1,b9b44b51-3ac9-47cd-8b5a-df51afdcceb0,cebbefe877636b41fea2880a85bce029efeca31fd33bdd53d16ffdf73a75cf98,no
#387,R1,fixed G1 (guard follows cfg(test) mod),test-only,src/mssql_dump/tests/onecdec.rs,463-471,configuration_root_rights_of_an_itk_storage_structure_role,uuid-literal,1,3c00c6ee-844e-4620-85e4-671e72f114d9,da5bee172edb56c3a1e65e4097eaf46a08192d16a87819633b7cf036aee48f92,no
#387,R1,fixed G1 (guard follows cfg(test) mod),test-only,src/mssql_dump/tests/onecdec.rs,463-471,configuration_root_rights_of_an_itk_storage_structure_role,uuid-literal,1,4df6d046-3bf8-4dda-991c-53ba664296a5,e56b13c8a1126bce1cfd8641c7e25edce3682ed26d98cb4908730a1d9d51945f,no
#387,R1,fixed G1 (guard follows cfg(test) mod),test-only,src/mssql_dump/tests/onecdec.rs,463-471,configuration_root_rights_of_an_itk_storage_structure_role,uuid-literal,1,f7c6a0bb-bca6-4cd3-9146-832971cd7073,ec8e820ed0d46f07d681c6f674ad7873596a200c643b4c7536e31024fb0c9c9c,no
#387,R1,fixed G1 (guard follows cfg(test) mod),test-only,src/mssql_dump/tests/onecdec.rs,463-471,configuration_root_rights_of_an_itk_storage_structure_role,uuid-literal,1,900e3c92-6e18-4874-846a-b28780b5b54c,f524c69ebf39953872aab049a77e7404f60f07a9a49986d7baea38a639c6e2aa,no
#387,R1,fixed G1 (guard follows cfg(test) mod),test-only,src/mssql_dump/tests/onecdec.rs,463-471,configuration_root_rights_of_an_itk_storage_structure_role,uuid-literal,1,29da0973-3b85-40e5-89da-bce02dbab08e,fd2b344d1544773a157cedd8a3b5cb62a82542a33cb6beea71ea83464a648f03,no
#387,R1,fixed G1 (guard follows cfg(test) mod),test-only,src/mssql_dump/tests/onecdec.rs,473-476,configuration_root_rights_of_an_itk_storage_structure_role,uuid-literal,1,4fa25267-a0df-4ed0-8f71-204ffdf18e1e,7cd2d40b5b545a8fce8b45c712f58f3612273e5295e8d5842a6244a7ae88da77,no
#387,R1,fixed G1 (guard follows cfg(test) mod),test-only,src/mssql_dump/tests/onecdec.rs,480-484,configuration_root_rights_of_an_itk_storage_structure_role,xml-policy,1,"""</name>""",6220c0e0a745da195d7139c9aad49b9fcd43c3adc471f0ce1282fbf7b5bfb7c7,no
#387,R1,fixed G1 (guard follows cfg(test) mod),test-only,src/mssql_dump/tests/onecdec.rs,480-484,configuration_root_rights_of_an_itk_storage_structure_role,xml-policy,1,"""<name>""",999f301f6da2b3874b60cea65dbbbcdfd0062352fd9d5688611023951bf026f0,no
#387,R1,fixed G1 (guard follows cfg(test) mod),test-only,src/mssql_dump/tests/onecdec.rs,516,a_compact_bag_group_reads_popup_behavior,uuid-literal,1,3d3cb80c-508b-41fa-8a18-680cdf5f1712,0ec4eff5642667c9ed0dc90d449b57bd643feda449f43ad6667970bba40cb9b7,no
#387,R1,fixed G1 (guard follows cfg(test) mod),test-only,src/mssql_dump/tests/onecdec.rs,516,a_compact_bag_group_reads_popup_behavior,uuid-literal,1,409b9a53-7f7e-4178-86c1-33176c7c7a7a,42596c4e3bda45d81319aa51359e7e23d27ab1170d826b1ed4a101b9f17cf217,no
#387,R1,fixed G1 (guard follows cfg(test) mod),test-only,src/mssql_dump/tests/onecdec.rs,516,a_compact_bag_group_reads_popup_behavior,uuid-literal,7,02023637-7868-4a5f-8576-835a76e0c9ba,63ac367b4c7fa17ba09ecf6f90a118d83333110a00b61fa35366e905c78bef37,no
#387,R1,fixed G1 (guard follows cfg(test) mod),test-only,src/mssql_dump/tests/onecdec.rs,516,a_compact_bag_group_reads_popup_behavior,uuid-literal,1,a9f3b1ac-f51b-431e-b102-55a69acdecad,784480db9f31ce45da643efdd072c647026014b9b0599d488bcf443b8c1c3e11,no
#387,R1,fixed G1 (guard follows cfg(test) mod),test-only,src/mssql_dump/tests/onecdec.rs,516,a_compact_bag_group_reads_popup_behavior,uuid-literal,1,ad87bd29-0ad1-4da4-ac62-38e714e0cb9f,aee945c011ea13be4b9a687392d97916568eb8d6209aff6b3b37d8f3f967cea2,no
#387,R1,fixed G1 (guard follows cfg(test) mod),test-only,src/mssql_dump/tests/onecdec.rs,516,a_compact_bag_group_reads_popup_behavior,uuid-literal,4,48312c09-257f-4b29-b280-284dd89efc1e,c8c146bc3024acc84d2dbc13a59fc4feb7c3bb3d157ccce08f96fd8d2cef7a93,no
#387,R1,fixed G1 (guard follows cfg(test) mod),test-only,src/mssql_dump/tests/onecdec.rs,530,a_compact_bag_group_reads_popup_behavior,name-special-case,1,"""<Behavior>PopUp</Behavior>""",0569234edaf44bd076b3d05b7d9b6263c90cf93bcbddefe93c6de9d2cb925625,no
#387,R1,fixed G1 (guard follows cfg(test) mod),test-only,src/mssql_dump/tests/onecdec.rs,530,a_compact_bag_group_reads_popup_behavior,xml-policy,1,"""<Behavior>PopUp</Behavior>""",e543fe5607bd814961d2f5135c68f1aa7c35128ae0428db1af088d986fc57b32,no
#387,R2,deferred to #413 (one standard-picture table),STANDARD_PICTURES,src/mssql_dump/mod.rs,35210-35466,STANDARD_PICTURES,uuid-literal,1,78da2c47-172f-4d57-ab52-a06e40548136,0003f05c99284ce40b1763bfa99e9481977ee893124de8a08b87dd374cb28b3f,yes
#387,R2,deferred to #413 (one standard-picture table),STANDARD_PICTURES,src/mssql_dump/mod.rs,35210-35466,STANDARD_PICTURES,uuid-literal,1,cb34c423-3d6a-4202-a809-3b3f45fb14ab,01c703e658c00749ff3d96d977f9a3125f65b8c3fa4cee2d77b99126cbf6f26f,yes
#387,R2,deferred to #413 (one standard-picture table),STANDARD_PICTURES,src/mssql_dump/mod.rs,35210-35466,STANDARD_PICTURES,uuid-literal,1,d35bd799-1cc3-44d1-8ae3-09755a09d44b,03db1e624aa371036c7bfb5d0f227015b59f7d9a710e8d263dd4b69b99901211,yes
#387,R2,deferred to #413 (one standard-picture table),STANDARD_PICTURES,src/mssql_dump/mod.rs,35210-35466,STANDARD_PICTURES,uuid-literal,1,6cb69e7f-fe19-4f64-bfb5-1a4fad6c2ef9,065655ac2a72c4a8298986d3d26787bf31f7db87180d3ae1e01dd4c2ea6a74a9,yes
#387,R2,deferred to #413 (one standard-picture table),STANDARD_PICTURES,src/mssql_dump/mod.rs,35210-35466,STANDARD_PICTURES,uuid-literal,1,ed0bec43-4633-416c-8c08-0384ca444e32,07a73cd0b8f4dd79409f69e8f1006d88c57ae7fd8f75230b347729f129400e74,yes
#387,R2,deferred to #413 (one standard-picture table),STANDARD_PICTURES,src/mssql_dump/mod.rs,35210-35466,STANDARD_PICTURES,uuid-literal,1,5289d9a4-b012-4d54-9bce-50473fe29b57,09b2a5b3d13c9a34387770ca5cd0810f6a60cce9522d6141e121a4ec9e016871,yes
#387,R2,deferred to #413 (one standard-picture table),STANDARD_PICTURES,src/mssql_dump/mod.rs,35210-35466,STANDARD_PICTURES,uuid-literal,1,6c2759b1-2b63-4fa5-8d13-75786c7e1e89,09c1a54e908558c5af071fa73fbdeda3cb60b126e45297518f8d2064cf076e3e,yes
#387,R2,deferred to #413 (one standard-picture table),STANDARD_PICTURES,src/mssql_dump/mod.rs,35210-35466,STANDARD_PICTURES,uuid-literal,1,d6eefec0-792a-4720-8933-e2a57f9e312c,0a37ac28e532d90614f9303570489908aafa36a5935a46857b587d836c564acb,yes
#387,R2,deferred to #413 (one standard-picture table),STANDARD_PICTURES,src/mssql_dump/mod.rs,35210-35466,STANDARD_PICTURES,uuid-literal,1,91022b99-b610-48ad-954e-a297848081ce,0bbaa2fba8b0b9806fe1c8795620322e32c810626ee388713abce0c22eaab926,yes
#387,R2,deferred to #413 (one standard-picture table),STANDARD_PICTURES,src/mssql_dump/mod.rs,35210-35466,STANDARD_PICTURES,uuid-literal,1,c2e2d966-5b7f-4699-903b-28a6f50d5471,0bc4628f2f16556480aa89d9f239d90409751bc2682b5119a5f8ab20b8765efe,yes
#387,R2,deferred to #413 (one standard-picture table),STANDARD_PICTURES,src/mssql_dump/mod.rs,35210-35466,STANDARD_PICTURES,uuid-literal,1,e51185a4-d915-45b8-b201-1c46cc2d8104,0c516cc82601853bd37cda26deb8627d9958c3bbc1de5bdf7cd18a0cb6910e30,yes
#387,R2,deferred to #413 (one standard-picture table),STANDARD_PICTURES,src/mssql_dump/mod.rs,35210-35466,STANDARD_PICTURES,uuid-literal,1,3689585c-a3e2-45d0-a302-caeb31b78835,0c7ec7ca1f46608afe9ea0349f496d95fc6a8ef412d36bc25af13efe67266e1d,yes
#387,R2,deferred to #413 (one standard-picture table),STANDARD_PICTURES,src/mssql_dump/mod.rs,35210-35466,STANDARD_PICTURES,uuid-literal,1,6b909f65-95a4-4697-8ca0-c8f331227b9a,0cdaf0d8699d6eb403daca5b1f063f6130a323163bcb91c89d5ac46c23841ae3,yes
#387,R2,deferred to #413 (one standard-picture table),STANDARD_PICTURES,src/mssql_dump/mod.rs,35210-35466,STANDARD_PICTURES,uuid-literal,1,97b2cc97-d5c6-45fb-9824-9d6d73db21fe,0f9e0a87fdf2421475176d5614d9ea86bca5711d633d35d6816edf7c760d1d4e,yes
#387,R2,deferred to #413 (one standard-picture table),STANDARD_PICTURES,src/mssql_dump/mod.rs,35210-35466,STANDARD_PICTURES,uuid-literal,1,ad8cb448-a6bb-43b4-886a-7d6a8367eef2,1071e506550d6f7377490115c7e3f368da913dd4e109a07eaa986fa39e62d77e,yes
#387,R2,deferred to #413 (one standard-picture table),STANDARD_PICTURES,src/mssql_dump/mod.rs,35210-35466,STANDARD_PICTURES,uuid-literal,1,5182f57f-e834-4d11-9c9f-4aedc002b6e9,13cd8802102a5a7ad63667909385da123956f22770f6e22b27086851fde9303d,yes
#387,R2,deferred to #413 (one standard-picture table),STANDARD_PICTURES,src/mssql_dump/mod.rs,35210-35466,STANDARD_PICTURES,uuid-literal,1,75a40cc4-c719-4c3f-91ea-fc5787bc34ca,13fa12bc8dbe0e40ff2600f6ffdb9fc7be2b3b75f185440cdd4f311ea532a675,yes
#387,R2,deferred to #413 (one standard-picture table),STANDARD_PICTURES,src/mssql_dump/mod.rs,35210-35466,STANDARD_PICTURES,uuid-literal,1,c7f70aa3-b944-4efe-97e3-0fa3bda3cd88,14129d9ecd9b3811267111861af5283d48c3013cd6f7ffe33563e5b37be421ee,yes
#387,R2,deferred to #413 (one standard-picture table),STANDARD_PICTURES,src/mssql_dump/mod.rs,35210-35466,STANDARD_PICTURES,uuid-literal,1,021c20a0-071b-4a60-8e44-12487adde0c8,15e709fbbdb05b9c38fa6d6c6bd8d637005b8f93b1f7a93a229cded2b835c68b,yes
#387,R2,deferred to #413 (one standard-picture table),STANDARD_PICTURES,src/mssql_dump/mod.rs,35210-35466,STANDARD_PICTURES,uuid-literal,1,fada8a16-8b14-4151-87a9-775099f37832,1769dbefb54537a72ed000124b048952c1a95c26077b826bae81f86b83ba7068,yes
#387,R2,deferred to #413 (one standard-picture table),STANDARD_PICTURES,src/mssql_dump/mod.rs,35210-35466,STANDARD_PICTURES,uuid-literal,1,788667db-61c9-45f3-9c4f-5f660ecdf3e1,17e24ecb9b530a820adca132fe4a50ada308823cb4660be9799bd466508ecfe6,yes
#387,R2,deferred to #413 (one standard-picture table),STANDARD_PICTURES,src/mssql_dump/mod.rs,35210-35466,STANDARD_PICTURES,uuid-literal,1,7df3febb-2640-41b7-ad8b-7a23b7ad4aec,19386d41dd8fd08ca5c04ac16ca6a02a3359cbf843e121f71a18e63fdc43b94a,yes
#387,R2,deferred to #413 (one standard-picture table),STANDARD_PICTURES,src/mssql_dump/mod.rs,35210-35466,STANDARD_PICTURES,uuid-literal,1,03665ff1-3a05-41d1-96d3-04bda2d8ede3,1939f3c0e4dc08b99e67f564a7576253a1be1e0bee1e23fe56b1a0ea164560a4,yes
#387,R2,deferred to #413 (one standard-picture table),STANDARD_PICTURES,src/mssql_dump/mod.rs,35210-35466,STANDARD_PICTURES,uuid-literal,1,3d4ad3b1-17de-4cf1-a2e4-0c2c83a5b5c2,1d1a05f06612c4733ab7bf5605a18bd30d6807716999b1f88b258fd119dc399b,yes
#387,R2,deferred to #413 (one standard-picture table),STANDARD_PICTURES,src/mssql_dump/mod.rs,35210-35466,STANDARD_PICTURES,uuid-literal,1,be23a908-fe1b-44df-be94-d0f6e8353abe,202a1ff75d76c1053eeadffa8bdcb5f65aa52fae7f5d61bbb713e0f5a8d72d58,yes
#387,R2,deferred to #413 (one standard-picture table),STANDARD_PICTURES,src/mssql_dump/mod.rs,35210-35466,STANDARD_PICTURES,uuid-literal,1,003024ed-fa25-42ac-9f53-f5014e383801,2045acc5aaa7ccf7f63428f442224cc1bd7cf5378dc7d1239209dfc9535193a3,yes
#387,R2,deferred to #413 (one standard-picture table),STANDARD_PICTURES,src/mssql_dump/mod.rs,35210-35466,STANDARD_PICTURES,uuid-literal,1,501b8c1d-8062-408e-bde8-b6549324713e,20c1d14d0b9a45d92ca65040f26d6e3623317a4549af95797a64da1bf260a969,yes
#387,R2,deferred to #413 (one standard-picture table),STANDARD_PICTURES,src/mssql_dump/mod.rs,35210-35466,STANDARD_PICTURES,uuid-literal,1,a594c8a1-7218-420a-860f-7b493c5e65c4,20ccd6f66c151b4e6ed2931fb69ce6f56a9965da0b9dba4f523d0518f88a6e5f,yes
#387,R2,deferred to #413 (one standard-picture table),STANDARD_PICTURES,src/mssql_dump/mod.rs,35210-35466,STANDARD_PICTURES,uuid-literal,1,e8a49985-fef7-45a9-b6bb-ddd2b9028172,20fa02a425ef58bd614f97a20bfd6b7c6be82042ee0435a9aa8004a87396dab9,yes
#387,R2,deferred to #413 (one standard-picture table),STANDARD_PICTURES,src/mssql_dump/mod.rs,35210-35466,STANDARD_PICTURES,uuid-literal,1,2954e819-f3fc-40de-9769-292efce9a355,21a1ed9db91ff96f0a4f94ed1e1b69281354a09bd0455744340808c0acaa189c,yes
#387,R2,deferred to #413 (one standard-picture table),STANDARD_PICTURES,src/mssql_dump/mod.rs,35210-35466,STANDARD_PICTURES,uuid-literal,1,f62488ee-f90c-47f7-929d-f42ec11a1e63,21d890a9f433c9227c7af4cd9e9c42da46b441cb4c0c2f9d39acb242136295b4,yes
#387,R2,deferred to #413 (one standard-picture table),STANDARD_PICTURES,src/mssql_dump/mod.rs,35210-35466,STANDARD_PICTURES,uuid-literal,1,f3c1376a-d2ee-46c4-9e44-aa2f7dae31c4,248708605c3deccaf72b6a6b7355b5f23f07b1ff338f90d6966e920385f9b405,yes
#387,R2,deferred to #413 (one standard-picture table),STANDARD_PICTURES,src/mssql_dump/mod.rs,35210-35466,STANDARD_PICTURES,uuid-literal,1,1cd7b762-ec6a-4e92-ac9a-1832be228ec3,249a7befc4e4f2d24f8ab99025e7f9a986b8a1f7c8814e7877fb5d59059a9ec8,yes
#387,R2,deferred to #413 (one standard-picture table),STANDARD_PICTURES,src/mssql_dump/mod.rs,35210-35466,STANDARD_PICTURES,uuid-literal,1,a43fcd1b-ad8d-4318-9d55-fd1ba086e65b,253f89d1365806e99cff8b9155a0aabd53b4ee050a05b629e75401994c61a186,yes
#387,R2,deferred to #413 (one standard-picture table),STANDARD_PICTURES,src/mssql_dump/mod.rs,35210-35466,STANDARD_PICTURES,uuid-literal,1,0bac63da-5b4e-48af-b593-7c5d29663e83,2645e30c96d4eee173faa2f50e1e4e17c0d6eb324383bd677953ea1b77595917,yes
#387,R2,deferred to #413 (one standard-picture table),STANDARD_PICTURES,src/mssql_dump/mod.rs,35210-35466,STANDARD_PICTURES,uuid-literal,1,55bc1099-a7df-4d0a-b332-a45f0473b368,270e975f803e1429328d28e9d541cd7dbf1a32d091d800dedc4e824426c9cb1e,yes
#387,R2,deferred to #413 (one standard-picture table),STANDARD_PICTURES,src/mssql_dump/mod.rs,35210-35466,STANDARD_PICTURES,uuid-literal,1,affb1617-24bc-4170-9c84-0902cc3ef206,27b166164a1903c8b46eee3cd60e61c8751a3ee8fd837ee3c639a9875d55df7d,yes
#387,R2,deferred to #413 (one standard-picture table),STANDARD_PICTURES,src/mssql_dump/mod.rs,35210-35466,STANDARD_PICTURES,uuid-literal,1,2f130057-bb2a-4e22-bba5-e108fac26940,27e4c78f7a3821ee3bb86c4bd7f4dd7674b17881a62e5de070529e24ed6ec204,yes
#387,R2,deferred to #413 (one standard-picture table),STANDARD_PICTURES,src/mssql_dump/mod.rs,35210-35466,STANDARD_PICTURES,uuid-literal,1,a722bc14-4edb-4eed-84b9-5d9b2b443e04,29e21b37c26eb88c166ed3211dacce696434b6d7f7c8d449681fa62c0895b127,yes
#387,R2,deferred to #413 (one standard-picture table),STANDARD_PICTURES,src/mssql_dump/mod.rs,35210-35466,STANDARD_PICTURES,uuid-literal,1,46598f81-5f95-4485-9b33-bfe4fd1276d0,2bd34f8f5bf8427d6cf8c64bca716c771afb12b260e7a4ecdb8ce6be28dd803f,yes
#387,R2,deferred to #413 (one standard-picture table),STANDARD_PICTURES,src/mssql_dump/mod.rs,35210-35466,STANDARD_PICTURES,uuid-literal,1,85cc7dd0-44fc-41aa-967f-f52f202ee2e6,2d003d9ace4501aeb454f5972b9138632ef38a7c4dae62aef298aee874e551b7,yes
#387,R2,deferred to #413 (one standard-picture table),STANDARD_PICTURES,src/mssql_dump/mod.rs,35210-35466,STANDARD_PICTURES,uuid-literal,1,fc34a694-e99b-4d1c-a526-63f5571bdb09,2d7d2f3c36dcc3ee05f45e0311a160819746c1f10d8d730f537d9fe7c24e0984,yes
#387,R2,deferred to #413 (one standard-picture table),STANDARD_PICTURES,src/mssql_dump/mod.rs,35210-35466,STANDARD_PICTURES,uuid-literal,1,b7c81c62-d6ad-4eae-9cea-0e203182db67,30970f0abd449383f16785a7cc1211246addd0a2e292ae7bc639663fac8e98b3,yes
#387,R2,deferred to #413 (one standard-picture table),STANDARD_PICTURES,src/mssql_dump/mod.rs,35210-35466,STANDARD_PICTURES,uuid-literal,1,0ce78048-0196-4f80-a781-9829cdb7f43e,3696a498d3b163110b5a8866018702615a5a9faae1c300c4c96259ee98307bd8,yes
#387,R2,deferred to #413 (one standard-picture table),STANDARD_PICTURES,src/mssql_dump/mod.rs,35210-35466,STANDARD_PICTURES,uuid-literal,1,92e24ce1-3917-4ee4-bbde-adce48b6c96b,378967b1bdb9b277a4f5cf3318b81c363952755de0911855047e48ac703a8ced,yes
#387,R2,deferred to #413 (one standard-picture table),STANDARD_PICTURES,src/mssql_dump/mod.rs,35210-35466,STANDARD_PICTURES,uuid-literal,1,4fddea39-5129-4b4c-83fe-4e443cd61940,3824fa8b18f8084c51a1e352944215350163c6bab97880d332a3be9e3ac9d3ce,yes
#387,R2,deferred to #413 (one standard-picture table),STANDARD_PICTURES,src/mssql_dump/mod.rs,35210-35466,STANDARD_PICTURES,uuid-literal,1,8ac19694-383a-457a-b050-0a3ee937f5f3,38d05ab16d86e6a8a80852f547c554a4d615cec8ddadeb49855cfc69a282d66d,yes
#387,R2,deferred to #413 (one standard-picture table),STANDARD_PICTURES,src/mssql_dump/mod.rs,35210-35466,STANDARD_PICTURES,uuid-literal,1,c78c9f3d-e92c-4f38-bb72-d8bd7fa5dbe3,39727c8bb6630b3484d969ac5cefe04897c95d7a8776e0dc5f9561ee7498626e,yes
#387,R2,deferred to #413 (one standard-picture table),STANDARD_PICTURES,src/mssql_dump/mod.rs,35210-35466,STANDARD_PICTURES,uuid-literal,1,785362cb-3756-48ed-87d2-292ded17054a,3c370e2625543ab8615b010a33251791a58cfa986910ec9aa4e5097f02b9b3ee,yes
#387,R2,deferred to #413 (one standard-picture table),STANDARD_PICTURES,src/mssql_dump/mod.rs,35210-35466,STANDARD_PICTURES,uuid-literal,1,37cf7cc0-abad-4385-b597-6fd2d8dc085a,3c7bc415f6016df6bdb1ae143933d3c5f424a1c7287dd6b70a4b4317b10055c5,yes
#387,R2,deferred to #413 (one standard-picture table),STANDARD_PICTURES,src/mssql_dump/mod.rs,35210-35466,STANDARD_PICTURES,uuid-literal,1,01ec9d9a-7497-4d88-b93f-066c633a4866,3cf5c0334bb3b88e0785fe37383284c987cab50a6d0b454fe6cf6e48674494e7,yes
#387,R2,deferred to #413 (one standard-picture table),STANDARD_PICTURES,src/mssql_dump/mod.rs,35210-35466,STANDARD_PICTURES,uuid-literal,1,fb7e9fb5-110b-41cb-adc6-753969ae1c81,3d19cae8f9349c7224cbdbc1f99d833ab63ba170cb6478d5a146893a43fa6cc8,yes
#387,R2,deferred to #413 (one standard-picture table),STANDARD_PICTURES,src/mssql_dump/mod.rs,35210-35466,STANDARD_PICTURES,uuid-literal,1,b2202798-23e0-4165-9982-24878f432488,3e17ca087ef44d20e05e4943029fa7ff9eafef823edc4e8d17cc7119fa57f8ee,yes
#387,R2,deferred to #413 (one standard-picture table),STANDARD_PICTURES,src/mssql_dump/mod.rs,35210-35466,STANDARD_PICTURES,uuid-literal,1,2846af8d-af84-47e3-82b9-01b01f960426,3efe7e4c002eee77404dc469ccc3db3f1d09cd63c640bf836f9f4f452d388057,yes
#387,R2,deferred to #413 (one standard-picture table),STANDARD_PICTURES,src/mssql_dump/mod.rs,35210-35466,STANDARD_PICTURES,uuid-literal,1,08a45a70-c221-4339-b3b1-9f11cb22147d,409daeb70cba0ea2d6fa3a45b5d90f2b79e57e7682174c6dce21a275e55d8af9,yes
#387,R2,deferred to #413 (one standard-picture table),STANDARD_PICTURES,src/mssql_dump/mod.rs,35210-35466,STANDARD_PICTURES,uuid-literal,1,f6532868-30b9-44ab-803c-78f0f0b06b02,44662aad9b909c6384320011aec908f4ef7fb80e9246ce70dc6fe5331e817fb6,yes
#387,R2,deferred to #413 (one standard-picture table),STANDARD_PICTURES,src/mssql_dump/mod.rs,35210-35466,STANDARD_PICTURES,uuid-literal,1,4ab0e87f-7d9b-4aa8-ac4b-680a78522da8,44d70cecf5c29710b40de874dfb3cc2625f04e270896370ef0f32545520cc2d0,yes
#387,R2,deferred to #413 (one standard-picture table),STANDARD_PICTURES,src/mssql_dump/mod.rs,35210-35466,STANDARD_PICTURES,uuid-literal,1,732f9dd3-5baf-47ff-af7b-edfe16dac2a1,44fc05a973adcd4e52788ea52f352ce6f4f7f65304ba9cd6d0998524f0be90ab,yes
#387,R2,deferred to #413 (one standard-picture table),STANDARD_PICTURES,src/mssql_dump/mod.rs,35210-35466,STANDARD_PICTURES,uuid-literal,1,e93f538e-dfaf-4a91-a9b6-c053555bcf60,4551e0f2e0434e017fab4c45fee91ebdd546d2694647a565155b49db08529e61,yes
#387,R2,deferred to #413 (one standard-picture table),STANDARD_PICTURES,src/mssql_dump/mod.rs,35210-35466,STANDARD_PICTURES,uuid-literal,1,584b470d-ba34-4b25-9620-8de4066ffeaa,45d45d008b27202b101b3c19ac04478dfcbdf9a96e1a9d30b6f0339f4b321a72,yes
#387,R2,deferred to #413 (one standard-picture table),STANDARD_PICTURES,src/mssql_dump/mod.rs,35210-35466,STANDARD_PICTURES,uuid-literal,1,a119150f-6c0c-4a94-97b0-5f08d7ebd6f5,45de57a48bc052d2be60bf14b33fbe92317eb5dfd2c6ce3c833194d62c5012b7,yes
#387,R2,deferred to #413 (one standard-picture table),STANDARD_PICTURES,src/mssql_dump/mod.rs,35210-35466,STANDARD_PICTURES,uuid-literal,1,c283cd1c-3187-451d-8ef2-7df55daeef06,464c63d3fffc047c32c3210b88ed1d708006ba09f4e5fe7a277a171fe5264e14,yes
#387,R2,deferred to #413 (one standard-picture table),STANDARD_PICTURES,src/mssql_dump/mod.rs,35210-35466,STANDARD_PICTURES,uuid-literal,1,9cf611dc-2370-4357-910d-a2b49c7a1ec6,46a970093903eea16cd48e9438564d29416d72ef42d9e15ded4f7b5f4628fa17,yes
#387,R2,deferred to #413 (one standard-picture table),STANDARD_PICTURES,src/mssql_dump/mod.rs,35210-35466,STANDARD_PICTURES,uuid-literal,1,23f940bf-7381-4c2b-85a1-e541ed428042,46e0802dcf067c13d7555e2dbe654861048713caf8acf271c14aa3d4623e433d,yes
#387,R2,deferred to #413 (one standard-picture table),STANDARD_PICTURES,src/mssql_dump/mod.rs,35210-35466,STANDARD_PICTURES,uuid-literal,1,7604cff7-5cc6-4f88-8d16-504f01b92a3c,47b4ec4273a50eb0b6c59ff53de5b3b34bb0e4e04ff48ee5d9e89f58494732dc,yes
#387,R2,deferred to #413 (one standard-picture table),STANDARD_PICTURES,src/mssql_dump/mod.rs,35210-35466,STANDARD_PICTURES,uuid-literal,1,9fecbaff-2a05-4da6-9ef1-807e754b928d,4ac171be905cb7d409f6701ae40cb3954a1f6b60d6a9aa6d4352e825acbf000c,yes
#387,R2,deferred to #413 (one standard-picture table),STANDARD_PICTURES,src/mssql_dump/mod.rs,35210-35466,STANDARD_PICTURES,uuid-literal,1,87d032df-0956-47e9-bead-4e15330f1983,4b558f7b53eeb2c8ac7f88b01e3faeb7446fb277ce84dedbffc99caac4f0e8d4,yes
#387,R2,deferred to #413 (one standard-picture table),STANDARD_PICTURES,src/mssql_dump/mod.rs,35210-35466,STANDARD_PICTURES,uuid-literal,1,167a160b-fa48-4337-87ab-7e0fe95c4b5a,4c3b2bc24f6b22b30d2f6bbc6c81a9d344846fa3d9d290c056ad238ab53679a0,yes
#387,R2,deferred to #413 (one standard-picture table),STANDARD_PICTURES,src/mssql_dump/mod.rs,35210-35466,STANDARD_PICTURES,uuid-literal,1,2721abfb-fbff-4a3a-98ac-b7c9eb29cd85,4e32aaf2ffd3e23422e6718c8114d03165f8cf06f784cb3e85a1858363c0465a,yes
#387,R2,deferred to #413 (one standard-picture table),STANDARD_PICTURES,src/mssql_dump/mod.rs,35210-35466,STANDARD_PICTURES,uuid-literal,1,fa67cb81-8d56-4534-90bd-b62fb0dbf5f0,4e48def5c8daf37f669dfbdc8b333aeb3370053555601a296807851ac817b310,yes
#387,R2,deferred to #413 (one standard-picture table),STANDARD_PICTURES,src/mssql_dump/mod.rs,35210-35466,STANDARD_PICTURES,uuid-literal,1,83db1f8a-41bd-4016-bdb2-a28e3a8d6dcc,4f6383d764a029671f3ec2b6896a569237b754e71dc83711ec5cd60097064547,yes
#387,R2,deferred to #413 (one standard-picture table),STANDARD_PICTURES,src/mssql_dump/mod.rs,35210-35466,STANDARD_PICTURES,uuid-literal,1,55ef0776-5ee4-4daf-9a9b-70d63643ab8d,5214d7cd88e229bcc66d7accac9cc4aba0467390e6d0919fd389d4599ba6d15c,yes
#387,R2,deferred to #413 (one standard-picture table),STANDARD_PICTURES,src/mssql_dump/mod.rs,35210-35466,STANDARD_PICTURES,uuid-literal,1,2a0c2238-cb59-4473-ada6-352b60f3c0a9,5246482461495866ab4ce5bab09f4919299af0b239b49f0d17919959888a5d7d,yes
#387,R2,deferred to #413 (one standard-picture table),STANDARD_PICTURES,src/mssql_dump/mod.rs,35210-35466,STANDARD_PICTURES,uuid-literal,1,702a9e16-0bb6-4efb-af11-10faf1e6ee87,52e8e36978da055ee2247bbaacda41830728c06ceef17a464da2f596e83d440c,yes
#387,R2,deferred to #413 (one standard-picture table),STANDARD_PICTURES,src/mssql_dump/mod.rs,35210-35466,STANDARD_PICTURES,uuid-literal,1,251aaa98-0127-44c3-a163-6f5ab4367ee2,547b22dbfc7135e133cd0a28a683cd10f98234a8090590a1d86b1da0fc4a930b,yes
#387,R2,deferred to #413 (one standard-picture table),STANDARD_PICTURES,src/mssql_dump/mod.rs,35210-35466,STANDARD_PICTURES,uuid-literal,1,4bf588d5-b8d8-47fd-8f41-eb9b668981ce,54e3f94513c66ce915dbda1ab00dcef918b8234c861d46ecbf1eea2168eb30af,yes
#387,R2,deferred to #413 (one standard-picture table),STANDARD_PICTURES,src/mssql_dump/mod.rs,35210-35466,STANDARD_PICTURES,uuid-literal,1,093dd4ed-e03c-4fc6-a95a-01f51379cccf,55849bcce82df55f046313bc98748949ebaaaa452d4277c9ae872a1c1af5419f,yes
#387,R2,deferred to #413 (one standard-picture table),STANDARD_PICTURES,src/mssql_dump/mod.rs,35210-35466,STANDARD_PICTURES,uuid-literal,1,37e91e77-93ce-4c3b-8d30-a9d8cfd3d3b0,56d57a013c5dfd1b8ba40f363dbecbec890deaaa0b7ef88ece2dd7d2aaf8d294,yes
#387,R2,deferred to #413 (one standard-picture table),STANDARD_PICTURES,src/mssql_dump/mod.rs,35210-35466,STANDARD_PICTURES,uuid-literal,1,b5a0aaba-3a83-4a71-b6f9-24aae1574681,57ac76f7a1d21bc09face7729b6032521f74651ce3a2521efce8248f4208bef4,yes
#387,R2,deferred to #413 (one standard-picture table),STANDARD_PICTURES,src/mssql_dump/mod.rs,35210-35466,STANDARD_PICTURES,uuid-literal,1,ed067d76-b144-4d00-bb36-d1833dd1350c,58dcea13f7203c73f917887d3b8c6f35d7609f680602c10f9225590c25952c14,yes
#387,R2,deferred to #413 (one standard-picture table),STANDARD_PICTURES,src/mssql_dump/mod.rs,35210-35466,STANDARD_PICTURES,uuid-literal,1,97c5a6d5-47ed-43f9-8c8c-10e9903c23d2,59e1f64c74939a45a9cdc11ff584f7ffc27570200926cd4a6a5061943becdc26,yes
#387,R2,deferred to #413 (one standard-picture table),STANDARD_PICTURES,src/mssql_dump/mod.rs,35210-35466,STANDARD_PICTURES,uuid-literal,1,d90a7482-9a1d-4d3d-ae96-6db440214d96,5afe7c27ce7a71c0cdac48a356bcab4c7ca64b3b1ba833be45a08d857d874321,yes
#387,R2,deferred to #413 (one standard-picture table),STANDARD_PICTURES,src/mssql_dump/mod.rs,35210-35466,STANDARD_PICTURES,uuid-literal,1,fafe4c1f-c265-4220-a0e1-8f82af26b72e,5db70ea9e41b71be4d57f3e1448e95ae49d9768b39acb16a6b993181f5a3cf03,yes
#387,R2,deferred to #413 (one standard-picture table),STANDARD_PICTURES,src/mssql_dump/mod.rs,35210-35466,STANDARD_PICTURES,uuid-literal,1,6511326b-20c3-4bf8-8503-c2c2c9072c6c,5dd7d3a394bf7c5f15ea5ddac31217f45fd5a72348328666baf7a640297648eb,yes
#387,R2,deferred to #413 (one standard-picture table),STANDARD_PICTURES,src/mssql_dump/mod.rs,35210-35466,STANDARD_PICTURES,uuid-literal,1,b68eb29c-2372-46e1-b84e-13843899ccf6,5e71ade7f88ae74a3df6ace021bb6f3afcaf3663a349949dd86111ffa2014019,yes
#387,R2,deferred to #413 (one standard-picture table),STANDARD_PICTURES,src/mssql_dump/mod.rs,35210-35466,STANDARD_PICTURES,uuid-literal,1,c757209d-a87f-4410-b1a3-76000178f1f0,5f49d02c6e68bd2849706b59802ae17f34f7ddf228ed519cc4652eb61fc14257,yes
#387,R2,deferred to #413 (one standard-picture table),STANDARD_PICTURES,src/mssql_dump/mod.rs,35210-35466,STANDARD_PICTURES,uuid-literal,1,60643198-e4b2-4c39-9de1-53cca3fff382,60dab80cc704bdec0b6ff5646c75683c2b779379c7b1433948691b3f0e135e36,yes
#387,R2,deferred to #413 (one standard-picture table),STANDARD_PICTURES,src/mssql_dump/mod.rs,35210-35466,STANDARD_PICTURES,uuid-literal,1,a9481ba4-dc85-4112-9c50-f9f340a61298,62c0db846d177392838904d0131a2933f294ab650b4bd852b8d8ae2c709fa839,yes
#387,R2,deferred to #413 (one standard-picture table),STANDARD_PICTURES,src/mssql_dump/mod.rs,35210-35466,STANDARD_PICTURES,uuid-literal,1,8d7e5026-9c1c-4542-bec0-2b729c84e139,64e5f9a63809393c18d67bb5b254c9ce7faa1260adbd153227476fe782b65d22,yes
#387,R2,deferred to #413 (one standard-picture table),STANDARD_PICTURES,src/mssql_dump/mod.rs,35210-35466,STANDARD_PICTURES,uuid-literal,1,77180b5e-8faa-4712-a788-e9f8903e3419,6652bab1234fb00bc7e12b0ce198fe1108101ef91dd83b195bf5803d2e3fef59,yes
#387,R2,deferred to #413 (one standard-picture table),STANDARD_PICTURES,src/mssql_dump/mod.rs,35210-35466,STANDARD_PICTURES,uuid-literal,1,47f01799-7968-4f44-9acc-fe1bdde8beb2,6653f2e8d99349b4ed76536b5772c18bbfe92169a61a83b68e3eb6a6132db3b9,yes
#387,R2,deferred to #413 (one standard-picture table),STANDARD_PICTURES,src/mssql_dump/mod.rs,35210-35466,STANDARD_PICTURES,uuid-literal,1,479470e0-ea0f-4266-8549-e2b1e8c06534,6662ee22b8a69fb7a4779a4fa9857d18e37e99450bb3ae72c1fdbf36d9ec4014,yes
#387,R2,deferred to #413 (one standard-picture table),STANDARD_PICTURES,src/mssql_dump/mod.rs,35210-35466,STANDARD_PICTURES,uuid-literal,1,eb47324b-85f9-4172-9315-bba8015d9970,67b66b85718641b749ef8f33462ef88337ed21865f20f35fd7e257e196368e9d,yes
#387,R2,deferred to #413 (one standard-picture table),STANDARD_PICTURES,src/mssql_dump/mod.rs,35210-35466,STANDARD_PICTURES,uuid-literal,1,18492a87-2fe4-44af-b218-304897fed020,67e2cd8775136ef7fe87bf33c39d02ac385a37bd40440aef5d9a7c79bb3b1c63,yes
#387,R2,deferred to #413 (one standard-picture table),STANDARD_PICTURES,src/mssql_dump/mod.rs,35210-35466,STANDARD_PICTURES,uuid-literal,1,2c732bfa-f734-48bc-a18b-7554db8a3888,6a2a42c9d6e822ea909bcffa994d9f16b37a26efe877c241f06dc0ddd86e1a7e,yes
#387,R2,deferred to #413 (one standard-picture table),STANDARD_PICTURES,src/mssql_dump/mod.rs,35210-35466,STANDARD_PICTURES,uuid-literal,1,835db646-1531-494b-b7c1-3239b0080bcb,6a4b1916065853206bd7adce2cfa26c5229cd3eb90b674e4cc8f58b8a3b02fab,yes
#387,R2,deferred to #413 (one standard-picture table),STANDARD_PICTURES,src/mssql_dump/mod.rs,35210-35466,STANDARD_PICTURES,uuid-literal,1,71cbcb5c-f3f0-4ffd-a4d0-19b802b5ed6b,6ae229823fbba2951c9f7d08c5e3465f44e14cf54f4b726408ee52b3625ce928,yes
#387,R2,deferred to #413 (one standard-picture table),STANDARD_PICTURES,src/mssql_dump/mod.rs,35210-35466,STANDARD_PICTURES,uuid-literal,1,4bf9fbb5-53c5-4b09-bab2-d69bbfab945b,6be711974f7d051ac35abd81dbec9cad7abbf9637208eccec6f3e516b0efd527,yes
#387,R2,deferred to #413 (one standard-picture table),STANDARD_PICTURES,src/mssql_dump/mod.rs,35210-35466,STANDARD_PICTURES,uuid-literal,1,64837726-d2a2-4682-a788-737423e80013,6c6339334af3c06c282673d31b0e839fdc4bababf0c9b46063361ddcf421f2fc,yes
#387,R2,deferred to #413 (one standard-picture table),STANDARD_PICTURES,src/mssql_dump/mod.rs,35210-35466,STANDARD_PICTURES,uuid-literal,1,ba592483-bc90-4e26-ba4d-2126359c6529,6ca41f9941b5c24cf7fb14d1c04e90482cc89442a0ca0ba74dee037067201d9d,yes
#387,R2,deferred to #413 (one standard-picture table),STANDARD_PICTURES,src/mssql_dump/mod.rs,35210-35466,STANDARD_PICTURES,uuid-literal,1,14b24498-e49c-4713-be64-75101d0abfb9,6dcfe90b3a4110567b0a951e01fdf2ad73b338d14e89ac4cc2b66038285dc9e3,yes
#387,R2,deferred to #413 (one standard-picture table),STANDARD_PICTURES,src/mssql_dump/mod.rs,35210-35466,STANDARD_PICTURES,uuid-literal,1,f695666a-bad9-49f6-ab7c-5198d7ea4739,6e5149167f45d81ef4d7d83dfc5db1bf68f017986aab2d9986c2febe6acd235c,yes
#387,R2,deferred to #413 (one standard-picture table),STANDARD_PICTURES,src/mssql_dump/mod.rs,35210-35466,STANDARD_PICTURES,uuid-literal,1,26518e18-e364-475a-8026-e41134658b2a,6ed0785c38969efac14469d69d9bedd2c4001604f10d8d6c359939dee8cad028,yes
#387,R2,deferred to #413 (one standard-picture table),STANDARD_PICTURES,src/mssql_dump/mod.rs,35210-35466,STANDARD_PICTURES,uuid-literal,1,977e831a-0e73-4d60-af51-091a6fa8612e,6f73139af22392c52141f9b3ec379e34dbcc2f1ad35c224ad461f71264643c4b,yes
#387,R2,deferred to #413 (one standard-picture table),STANDARD_PICTURES,src/mssql_dump/mod.rs,35210-35466,STANDARD_PICTURES,uuid-literal,1,0e2da390-5c04-46a2-a74b-1b7e13a40f2b,71d5b8a6a550764fc79b2584cc1a0f503703f81485f4f6372fcad898a946eed4,yes
#387,R2,deferred to #413 (one standard-picture table),STANDARD_PICTURES,src/mssql_dump/mod.rs,35210-35466,STANDARD_PICTURES,uuid-literal,1,27ee3053-952c-49e5-8261-9215098e0e9c,736ee45e3f0700f9721bc7d4b2d8b2dd8cc1b9ae1780a7954ff15a28ff205f80,yes
#387,R2,deferred to #413 (one standard-picture table),STANDARD_PICTURES,src/mssql_dump/mod.rs,35210-35466,STANDARD_PICTURES,uuid-literal,1,97f87955-b88a-4225-a0d8-03af981ecd86,7925239ff1891299d26d2f367658fa4bf361e45bd8da5a04ebabdec6869a0ea4,yes
#387,R2,deferred to #413 (one standard-picture table),STANDARD_PICTURES,src/mssql_dump/mod.rs,35210-35466,STANDARD_PICTURES,uuid-literal,1,db817ee1-fd28-4e7f-bb4a-53686b2b153c,79953cbfe3c274290b08df8c62e0be2304fb6672de9af8c9f89d448d7e14e125,yes
#387,R2,deferred to #413 (one standard-picture table),STANDARD_PICTURES,src/mssql_dump/mod.rs,35210-35466,STANDARD_PICTURES,uuid-literal,1,caf2e58b-ca3d-4b63-82c9-f21f1c9bc9eb,7b78bba5bfc9f6649267e9c08fe1ff1cacfb83bdaba601bb842263f944d7db37,yes
#387,R2,deferred to #413 (one standard-picture table),STANDARD_PICTURES,src/mssql_dump/mod.rs,35210-35466,STANDARD_PICTURES,uuid-literal,1,aa96f4bb-cf28-4dad-bc42-5ed53de95c0c,7c6593b972b40b25037e47f6245649423a4258a75a938bc1b68ff9d49fc85ce6,yes
#387,R2,deferred to #413 (one standard-picture table),STANDARD_PICTURES,src/mssql_dump/mod.rs,35210-35466,STANDARD_PICTURES,uuid-literal,1,20b82e97-5fcc-4c68-8e0d-d01060847520,804278750eccad0b0a848a0b3ceaf8e8e8a0c25551b019be1f57fb3e102a7602,yes
#387,R2,deferred to #413 (one standard-picture table),STANDARD_PICTURES,src/mssql_dump/mod.rs,35210-35466,STANDARD_PICTURES,uuid-literal,1,e3b29b1d-4694-4f56-8d55-922f83afed7a,81aabc12e2e47bc6f8a90c91b769bffc8375d3b870faf58bc8295f349f798d2d,yes
#387,R2,deferred to #413 (one standard-picture table),STANDARD_PICTURES,src/mssql_dump/mod.rs,35210-35466,STANDARD_PICTURES,uuid-literal,1,8ca4ea33-603d-4992-8a41-c7924b5bd40b,84d825f1667652061f524ffc42dd94fba5604093a0995e8544f2f0d2552fe598,yes
#387,R2,deferred to #413 (one standard-picture table),STANDARD_PICTURES,src/mssql_dump/mod.rs,35210-35466,STANDARD_PICTURES,uuid-literal,1,e6fc55a0-3d58-4b15-bdd3-717453929598,85ad787d942e23c012b36c1f22fef9903e12508ba3d2b9670c87141da26b8af0,yes
#387,R2,deferred to #413 (one standard-picture table),STANDARD_PICTURES,src/mssql_dump/mod.rs,35210-35466,STANDARD_PICTURES,uuid-literal,1,a30ab2ef-6076-457d-9293-44edc7c6767e,872b1e89bb59902e30ea5692b4567656e36c21d5efcb3f6b836842777286e980,yes
#387,R2,deferred to #413 (one standard-picture table),STANDARD_PICTURES,src/mssql_dump/mod.rs,35210-35466,STANDARD_PICTURES,uuid-literal,1,544fdbe8-5956-4512-bc62-93b4c022d291,8746be013f37670481804f1c85bed755c59462338e9764d9a65037ee14c5580a,yes
#387,R2,deferred to #413 (one standard-picture table),STANDARD_PICTURES,src/mssql_dump/mod.rs,35210-35466,STANDARD_PICTURES,uuid-literal,1,9c96aa25-d656-4b3d-ab3e-81d9718da238,874c3dd5290aa864bf573455f756e22e7dac9114daa58688abd0d222b4001e99,yes
#387,R2,deferred to #413 (one standard-picture table),STANDARD_PICTURES,src/mssql_dump/mod.rs,35210-35466,STANDARD_PICTURES,uuid-literal,1,31b93f03-0ba2-4631-a171-0d3a3d2ecc48,8a2cce93af1ccb256800b9f16f40801ebeb3cfc5783694987eb4705283e1aa46,yes
#387,R2,deferred to #413 (one standard-picture table),STANDARD_PICTURES,src/mssql_dump/mod.rs,35210-35466,STANDARD_PICTURES,uuid-literal,1,ef27ae9e-7040-4374-b93c-0d276de2ea23,8cee12a75de25a0ab98d40c1f6a2843a3d16bc694f182411104c473e4af7d740,yes
#387,R2,deferred to #413 (one standard-picture table),STANDARD_PICTURES,src/mssql_dump/mod.rs,35210-35466,STANDARD_PICTURES,uuid-literal,1,d66b6f73-53b8-49b9-8efc-33c54aa06e3f,8d474f64ea7bb43b0e8b6bc0c56a8eb0be786cbce9d952e03004b04541a93578,yes
#387,R2,deferred to #413 (one standard-picture table),STANDARD_PICTURES,src/mssql_dump/mod.rs,35210-35466,STANDARD_PICTURES,uuid-literal,1,f3b8f300-5a54-4eea-8136-5798413a479c,8fb910386339985ed5be42ed92afa394e6ec5b8f15cd7951fcc5be6a9dbf0b99,yes
#387,R2,deferred to #413 (one standard-picture table),STANDARD_PICTURES,src/mssql_dump/mod.rs,35210-35466,STANDARD_PICTURES,uuid-literal,1,f874b0cc-db1d-4577-8c77-d4ba206eb05d,9193e2455243c8d30dae1de899e84207345d9297562c17cbe8653ef12e835f95,yes
#387,R2,deferred to #413 (one standard-picture table),STANDARD_PICTURES,src/mssql_dump/mod.rs,35210-35466,STANDARD_PICTURES,uuid-literal,1,b0dd988f-2d9f-4364-b1f4-a4d5f45ffb78,922e8be06a28574d75e8c67ad56b58b900346e4be716bad4f2d04b458e9e8eaa,yes
#387,R2,deferred to #413 (one standard-picture table),STANDARD_PICTURES,src/mssql_dump/mod.rs,35210-35466,STANDARD_PICTURES,uuid-literal,1,da9ac044-0ff7-4bcf-a441-3187bd1d951f,93b65d7093167d2c11ab16aea1ecff62a2ccf893f426c95296083808f8132ed9,yes
#387,R2,deferred to #413 (one standard-picture table),STANDARD_PICTURES,src/mssql_dump/mod.rs,35210-35466,STANDARD_PICTURES,uuid-literal,1,1001ae3e-9289-4303-9699-3c0c17e20e61,94fd7e6747c4f829ed16097cb7f8535603e16a0a39c758ee074309fad6bdb3d6,yes
#387,R2,deferred to #413 (one standard-picture table),STANDARD_PICTURES,src/mssql_dump/mod.rs,35210-35466,STANDARD_PICTURES,uuid-literal,1,b39aa431-a32f-4447-984a-45606474c82d,95ff14210efe8343ea5f992845d2e2ad0cd733b3f285714ecfa7ffdfd5566d27,yes
#387,R2,deferred to #413 (one standard-picture table),STANDARD_PICTURES,src/mssql_dump/mod.rs,35210-35466,STANDARD_PICTURES,uuid-literal,1,9e808d29-787b-4825-863a-13c6844ce91d,989671312e2ccd981b4e4c27034d1c84f8408d91f0d390fd58e44a9275a7dbbd,yes
#387,R2,deferred to #413 (one standard-picture table),STANDARD_PICTURES,src/mssql_dump/mod.rs,35210-35466,STANDARD_PICTURES,uuid-literal,1,b1406535-6cc2-4410-95ea-753556e8460f,9d169f71fe7d2c0ffa6e7fcc0f806bda62c5ee7bd7aba1638139a54bd4766e67,yes
#387,R2,deferred to #413 (one standard-picture table),STANDARD_PICTURES,src/mssql_dump/mod.rs,35210-35466,STANDARD_PICTURES,uuid-literal,1,4d2570b5-205f-413c-b4cc-b2097f61684f,9e2d35cb142454347f2dfc1b921316c1e4603bdd6cc4e191e34bb9ecd02bb0cf,yes
#387,R2,deferred to #413 (one standard-picture table),STANDARD_PICTURES,src/mssql_dump/mod.rs,35210-35466,STANDARD_PICTURES,uuid-literal,1,38bbcebe-e456-461b-8457-07c9a72344a3,9e8b2948a8211a8e4a8fa11df6141aef207f337861fca088d3bc6864f122e6e3,yes
#387,R2,deferred to #413 (one standard-picture table),STANDARD_PICTURES,src/mssql_dump/mod.rs,35210-35466,STANDARD_PICTURES,uuid-literal,1,31bf709f-3b50-4137-9b51-ebc7fb802a7c,9e95466f498675cf9c3a45a96b4ab6f776e8bc537e3aca167faabad48b4eb8b5,yes
#387,R2,deferred to #413 (one standard-picture table),STANDARD_PICTURES,src/mssql_dump/mod.rs,35210-35466,STANDARD_PICTURES,uuid-literal,1,7c75b1df-1fdc-471f-aae6-6b7870318cd4,9eb5afed4f4a2c76c34ef444529978d887d01c92f5693728fd00666cb3c8fc5b,yes
#387,R2,deferred to #413 (one standard-picture table),STANDARD_PICTURES,src/mssql_dump/mod.rs,35210-35466,STANDARD_PICTURES,uuid-literal,1,723765ab-0b92-4745-a621-1ba0f77c92c9,9f3dcf72303254673afb84bf0d90efffb1f56e23e8299ba490a03c3a94c8f68c,yes
#387,R2,deferred to #413 (one standard-picture table),STANDARD_PICTURES,src/mssql_dump/mod.rs,35210-35466,STANDARD_PICTURES,uuid-literal,1,894cf65b-4109-4533-a1d7-c87b1fcc80a3,a4acbf315424ccdc5ebb312ed99ead48d3057191c92982e7374c5bd075887482,yes
#387,R2,deferred to #413 (one standard-picture table),STANDARD_PICTURES,src/mssql_dump/mod.rs,35210-35466,STANDARD_PICTURES,uuid-literal,1,e96de06b-fa83-48cf-b033-190a249855c9,a512f6728927736d4370e83f1c870d2f086957642db71c9a5c99461d46a2d00f,yes
#387,R2,deferred to #413 (one standard-picture table),STANDARD_PICTURES,src/mssql_dump/mod.rs,35210-35466,STANDARD_PICTURES,uuid-literal,1,a24cff7f-a1a5-4403-af82-a7b31852cde9,a54e61563e70c1e818c83de391eefb19b8d626df0d99dd6d3053d138761fa25b,yes
#387,R2,deferred to #413 (one standard-picture table),STANDARD_PICTURES,src/mssql_dump/mod.rs,35210-35466,STANDARD_PICTURES,uuid-literal,1,2ef82795-06fe-4365-bd0c-44b486264620,a6ba31a9ff1a7a0077305912200960adaeb3db92cf046f0d83496a1dd4cf0af0,yes
#387,R2,deferred to #413 (one standard-picture table),STANDARD_PICTURES,src/mssql_dump/mod.rs,35210-35466,STANDARD_PICTURES,uuid-literal,1,3c904ff7-1195-4a7c-9a38-7b1f6ca49cce,a8155dc16651683eca51a321cdb3b45132864f1a9f457a0d839c7caf7164cce1,yes
#387,R2,deferred to #413 (one standard-picture table),STANDARD_PICTURES,src/mssql_dump/mod.rs,35210-35466,STANDARD_PICTURES,uuid-literal,1,fc6a06a8-1308-4385-b1b2-9d302d2054ed,a85e2b2eb42057a0c825a2a926b2c5471233a5c19b0ed6f91b2fc24e068f5859,yes
#387,R2,deferred to #413 (one standard-picture table),STANDARD_PICTURES,src/mssql_dump/mod.rs,35210-35466,STANDARD_PICTURES,uuid-literal,1,a075c3ef-bc4e-4c96-bdad-2245ec09c28e,a91edce41cdc10ebaa5c7002fc7054cd049401048bf356ad9fadec8dbae9e99b,yes
#387,R2,deferred to #413 (one standard-picture table),STANDARD_PICTURES,src/mssql_dump/mod.rs,35210-35466,STANDARD_PICTURES,uuid-literal,1,984b0a3e-daa2-4a9e-b75c-1f230a6e592a,a9d3acfea969c366f542f5b2a75f59a919ea8bceac632f0b5004d7d775aaddbf,yes
#387,R2,deferred to #413 (one standard-picture table),STANDARD_PICTURES,src/mssql_dump/mod.rs,35210-35466,STANDARD_PICTURES,uuid-literal,1,20ebc47b-f4d9-439c-acd3-fdc624fbac2a,aa55f413f50a34a67b63368f2c89ff42b5e6dfef664f0197c232a45e7b788275,yes
#387,R2,deferred to #413 (one standard-picture table),STANDARD_PICTURES,src/mssql_dump/mod.rs,35210-35466,STANDARD_PICTURES,uuid-literal,1,dcd23a32-5c7c-43f2-9021-80d98128556f,aa7ecd6677a1270005f6581054779862c991d041f685092fb00abca92d07c023,yes
#387,R2,deferred to #413 (one standard-picture table),STANDARD_PICTURES,src/mssql_dump/mod.rs,35210-35466,STANDARD_PICTURES,uuid-literal,1,7562cef7-0e57-4f63-a754-b61128a4f3ae,ab6cd933cfd8b9d5838617e43ef6f3caffb32d8d9e52de7a1b5d3abdf5f401ed,yes
#387,R2,deferred to #413 (one standard-picture table),STANDARD_PICTURES,src/mssql_dump/mod.rs,35210-35466,STANDARD_PICTURES,uuid-literal,1,942e0303-a3ec-4fe8-887c-5aea8516d424,ac9c430a09a8d578a85d9d99395086364b49a2ad6f945956881f590221042ef8,yes
#387,R2,deferred to #413 (one standard-picture table),STANDARD_PICTURES,src/mssql_dump/mod.rs,35210-35466,STANDARD_PICTURES,uuid-literal,1,8f29e0e2-d5e6-41e8-a34d-9a0288156322,ad01e0a32b17dd01bdb4902a8b8de082826f5cecbc474b2e0166916e1a47244f,yes
#387,R2,deferred to #413 (one standard-picture table),STANDARD_PICTURES,src/mssql_dump/mod.rs,35210-35466,STANDARD_PICTURES,uuid-literal,1,73af51dd-6cda-48be-a093-5a7161c60c77,ad764f0e3b3446f1352515f400ceae58552c1183f7a27ad5efb67ee7b57ff3af,yes
#387,R2,deferred to #413 (one standard-picture table),STANDARD_PICTURES,src/mssql_dump/mod.rs,35210-35466,STANDARD_PICTURES,uuid-literal,1,069b8324-7c51-4c73-a6a8-c06d4fc383b5,aed8816a7fad4df10ebaab0849466937a3d4e5b00b26e9fdd5a4a46dd9360d2c,yes
#387,R2,deferred to #413 (one standard-picture table),STANDARD_PICTURES,src/mssql_dump/mod.rs,35210-35466,STANDARD_PICTURES,uuid-literal,1,894afc03-9904-465d-b671-f555ffb9b21c,af69c6e9074a76ee8d4bdcb396507bdf75815be1111cab527d9e69c18fe44511,yes
#387,R2,deferred to #413 (one standard-picture table),STANDARD_PICTURES,src/mssql_dump/mod.rs,35210-35466,STANDARD_PICTURES,uuid-literal,1,efda7350-6cd7-4416-b188-f5ca9baf66c2,afdfff20f00ee8ca2e562cf7fc8374d8ec1c53d5b9a1d9285e8b795aca68b5fa,yes
#387,R2,deferred to #413 (one standard-picture table),STANDARD_PICTURES,src/mssql_dump/mod.rs,35210-35466,STANDARD_PICTURES,uuid-literal,1,892196a9-c94f-4e50-8224-3c0cea4ea6b8,b0778b43aa440a4ea1e4234a5fdfbc398e4cfb2b25f319fadbe03068a95b8818,yes
#387,R2,deferred to #413 (one standard-picture table),STANDARD_PICTURES,src/mssql_dump/mod.rs,35210-35466,STANDARD_PICTURES,uuid-literal,1,b4c7ab2c-bcda-4468-a28f-5fee93838c4e,b10962a2ad1de7efc5a5f8251617f7a4fd559ed43a4336bc473bded9367428e1,yes
#387,R2,deferred to #413 (one standard-picture table),STANDARD_PICTURES,src/mssql_dump/mod.rs,35210-35466,STANDARD_PICTURES,uuid-literal,1,8bdf1079-8fad-4d21-ad7f-4b2e4ecdce3d,b1b79997bdc4b2f092706599f2d7e2bf1c70bf1b9cfa378ced182bb7a82f9e90,yes
#387,R2,deferred to #413 (one standard-picture table),STANDARD_PICTURES,src/mssql_dump/mod.rs,35210-35466,STANDARD_PICTURES,uuid-literal,1,1377931c-5744-4948-bade-cb35117b5f63,b20ffb2fa4396147990d93148b4ec07b9887444e3c7fe57a185273e17481e0e1,yes
#387,R2,deferred to #413 (one standard-picture table),STANDARD_PICTURES,src/mssql_dump/mod.rs,35210-35466,STANDARD_PICTURES,uuid-literal,1,c1a61df2-f280-49d0-a8b3-7e5fc6f56ff7,b2db7c3cb498619932a1a7dc8eab1ab8ece1ce5292b459335ae4e2839bf0986e,yes
#387,R2,deferred to #413 (one standard-picture table),STANDARD_PICTURES,src/mssql_dump/mod.rs,35210-35466,STANDARD_PICTURES,uuid-literal,1,dfcd2d21-24ea-4b27-ab9a-6bf754577536,b304b13cc6b0892fc38ae9b9fc0bf3a8266af5235c63ffb52fc944ecebc8f74d,yes
#387,R2,deferred to #413 (one standard-picture table),STANDARD_PICTURES,src/mssql_dump/mod.rs,35210-35466,STANDARD_PICTURES,uuid-literal,1,6cbf8f9a-3d2f-427b-bfce-5e2bc7a8589d,b51b8d8fc9d47ca7a7372fff8e6e93d42b441e966f038f45719db19aaf5b6814,yes
#387,R2,deferred to #413 (one standard-picture table),STANDARD_PICTURES,src/mssql_dump/mod.rs,35210-35466,STANDARD_PICTURES,uuid-literal,1,1f046bc2-d6c5-46a3-a459-b2c0508f86fb,b55184267a795c74cd17c94c90ee0b7f694ed0d820657cf8b1249e72442e92ef,yes
#387,R2,deferred to #413 (one standard-picture table),STANDARD_PICTURES,src/mssql_dump/mod.rs,35210-35466,STANDARD_PICTURES,uuid-literal,1,5b612c21-e223-4997-9e61-86f7a67ec945,ba058e2715b5620c8c51e2cb385c80d54730286bd8c7cc980f24772df3cf265c,yes
#387,R2,deferred to #413 (one standard-picture table),STANDARD_PICTURES,src/mssql_dump/mod.rs,35210-35466,STANDARD_PICTURES,uuid-literal,1,928075d1-b90b-416c-b0b2-c3104cf084aa,baebbc2a74201e6dcf15e1488712ebe20b94f19ab103834fcd85d932d0d75fa1,yes
#387,R2,deferred to #413 (one standard-picture table),STANDARD_PICTURES,src/mssql_dump/mod.rs,35210-35466,STANDARD_PICTURES,uuid-literal,1,fc4f29e0-d168-4fe0-8e64-e982fabf2595,bc2caa826941f2a04722a48d190fa43d1a80552bf4e7840ef213c8eb2d27d121,yes
#387,R2,deferred to #413 (one standard-picture table),STANDARD_PICTURES,src/mssql_dump/mod.rs,35210-35466,STANDARD_PICTURES,uuid-literal,1,83c8f18d-8701-41f3-bef4-53f88adbb868,bcc1092560059ac7446f81d35814c35fc7de29c50c153f7c91c84868f97dfe33,yes
#387,R2,deferred to #413 (one standard-picture table),STANDARD_PICTURES,src/mssql_dump/mod.rs,35210-35466,STANDARD_PICTURES,uuid-literal,1,509c4a7f-6406-4388-bb8c-bc81fb5131aa,bcc387da2ffe8ef8bf36f0bff428e6979813242af9ba7aa9ed579ae56a26e05d,yes
#387,R2,deferred to #413 (one standard-picture table),STANDARD_PICTURES,src/mssql_dump/mod.rs,35210-35466,STANDARD_PICTURES,uuid-literal,1,c7cdd3c0-3879-436a-b145-5e2615e9b3e1,be80a881d7b7827a3860bfe4067cdf8372c2aa030587dcedc66a20dbb5780b50,yes
#387,R2,deferred to #413 (one standard-picture table),STANDARD_PICTURES,src/mssql_dump/mod.rs,35210-35466,STANDARD_PICTURES,uuid-literal,1,18bca3d7-a7a5-41df-a180-4dff9c217f43,c05074eefdd19ddc9e1e712df82e49cbfeaaeffc13ef1dbc32ec9a922105df76,yes
#387,R2,deferred to #413 (one standard-picture table),STANDARD_PICTURES,src/mssql_dump/mod.rs,35210-35466,STANDARD_PICTURES,uuid-literal,1,f6e88116-03d8-4400-9d88-791895d7031a,c11ed07b6c312d631b1e98de23996734fb4828a3aa951a3476354f81709e569b,yes
#387,R2,deferred to #413 (one standard-picture table),STANDARD_PICTURES,src/mssql_dump/mod.rs,35210-35466,STANDARD_PICTURES,uuid-literal,1,0abdab67-5c90-4296-8168-239d22024d11,c23b93e4549f0386ad4e0ce5d7060a27bf42a52d5381ceb7cb65d76401a87945,yes
#387,R2,deferred to #413 (one standard-picture table),STANDARD_PICTURES,src/mssql_dump/mod.rs,35210-35466,STANDARD_PICTURES,uuid-literal,1,448d6f55-d885-496c-870d-d1bd78374745,c444ea999959d0c28edc3e63ffe47dfad3fc5dbef9e25955fbbac21914f0a655,yes
#387,R2,deferred to #413 (one standard-picture table),STANDARD_PICTURES,src/mssql_dump/mod.rs,35210-35466,STANDARD_PICTURES,uuid-literal,1,1970a480-9b38-405e-9d9e-8209f3fad5f1,c5df5f1dbf58bafd7dddac697a9fb98abe9b44912f3d7e8f1fbdbe04df5b47c5,yes
#387,R2,deferred to #413 (one standard-picture table),STANDARD_PICTURES,src/mssql_dump/mod.rs,35210-35466,STANDARD_PICTURES,uuid-literal,1,6a248caf-0a7b-46ad-a595-74890ea202f7,c61b0e5175b7f2de6307148da438da8093922b1e1beac8ba18e756dcff1d7f66,yes
#387,R2,deferred to #413 (one standard-picture table),STANDARD_PICTURES,src/mssql_dump/mod.rs,35210-35466,STANDARD_PICTURES,uuid-literal,1,549a2c45-4fce-493f-94ee-9a3a4f426551,ca2ff9e88bcba477698bdbef85f00fcbc8e6c63a79d4b0eea1d1dcb4b28becf6,yes
#387,R2,deferred to #413 (one standard-picture table),STANDARD_PICTURES,src/mssql_dump/mod.rs,35210-35466,STANDARD_PICTURES,uuid-literal,1,6ecee038-9722-4d80-bb91-7ee7046ec4c7,cb180ebf1d9fd38e00a014dab17cf89e8b0f0687694ad8d477d3c58fd464a6ff,yes
#387,R2,deferred to #413 (one standard-picture table),STANDARD_PICTURES,src/mssql_dump/mod.rs,35210-35466,STANDARD_PICTURES,uuid-literal,1,6206a729-16e5-4e32-b53c-122de4e30c8d,cb5ac6c3bc2c1f128ea191258866445bdb5fd6e6c50356a8c846fdb188d744bd,yes
#387,R2,deferred to #413 (one standard-picture table),STANDARD_PICTURES,src/mssql_dump/mod.rs,35210-35466,STANDARD_PICTURES,uuid-literal,1,0c1f7756-6143-4903-a94c-8f22c85e44de,cd0a82dff19aecc7934f7dce672a17ad8cf35938f3b0994f9dfb5b97bf82f537,yes
#387,R2,deferred to #413 (one standard-picture table),STANDARD_PICTURES,src/mssql_dump/mod.rs,35210-35466,STANDARD_PICTURES,uuid-literal,1,1a4342a5-fa06-4556-8a85-e8738fc25821,cf52337d298734b888f29b3397ab9f48c02fd52937381a1d8fdeeb5e5fe6be89,yes
#387,R2,deferred to #413 (one standard-picture table),STANDARD_PICTURES,src/mssql_dump/mod.rs,35210-35466,STANDARD_PICTURES,uuid-literal,1,2a7e58e2-a6c5-4387-a459-5249c441947a,d0ec5ebe23bdd4e77c3e1c3ecca34254741a5d8235c82a7471141ec38b98b8ce,yes
#387,R2,deferred to #413 (one standard-picture table),STANDARD_PICTURES,src/mssql_dump/mod.rs,35210-35466,STANDARD_PICTURES,uuid-literal,1,ee7c4a5b-2d9b-4087-ae3e-947792085f09,d55c92543656e60c580cb567028b2a92259624eec9e050425ef892e88862f8ef,yes
#387,R2,deferred to #413 (one standard-picture table),STANDARD_PICTURES,src/mssql_dump/mod.rs,35210-35466,STANDARD_PICTURES,uuid-literal,1,01743054-d102-4e7c-bf15-5ed7fd84441b,d5df7d56b220e255e231de3d4563f19db293e17a79631b9cf0d3588c2aa28273,yes
#387,R2,deferred to #413 (one standard-picture table),STANDARD_PICTURES,src/mssql_dump/mod.rs,35210-35466,STANDARD_PICTURES,uuid-literal,1,85998f14-805b-4e2b-ba19-9d79b0464042,da4770a82ea749af063d7318ae38923f68dd960aafb62cd3705818ee311c1e1b,yes
#387,R2,deferred to #413 (one standard-picture table),STANDARD_PICTURES,src/mssql_dump/mod.rs,35210-35466,STANDARD_PICTURES,uuid-literal,1,7a9cd2fd-6372-4342-9a9e-3ebbd754fd83,dc4060beb13c4b7f055893f795e7d6b741b2219bc6e43efe0c32448497405e5f,yes
#387,R2,deferred to #413 (one standard-picture table),STANDARD_PICTURES,src/mssql_dump/mod.rs,35210-35466,STANDARD_PICTURES,uuid-literal,1,196622f7-0941-435b-992b-722f3082adf4,dd0a767d1f74751e34ab3e3197fad789bf6f12d94c92bb73025dd069ee465795,yes
#387,R2,deferred to #413 (one standard-picture table),STANDARD_PICTURES,src/mssql_dump/mod.rs,35210-35466,STANDARD_PICTURES,uuid-literal,1,64ca52ee-f1a3-468f-8055-311935077515,de893fbb3e4977e6d5892d7abab808652d39eb169e87c6f1413829bdb217b979,yes
#387,R2,deferred to #413 (one standard-picture table),STANDARD_PICTURES,src/mssql_dump/mod.rs,35210-35466,STANDARD_PICTURES,uuid-literal,1,58174855-39be-462e-8723-cb2d95182146,e142ca23a70b95096ba460dc6fdba2669b7239e395312373f5e0566f1963c417,yes
#387,R2,deferred to #413 (one standard-picture table),STANDARD_PICTURES,src/mssql_dump/mod.rs,35210-35466,STANDARD_PICTURES,uuid-literal,1,7168f070-087c-448e-ae3a-6740f424076a,e474cc051aa14f85e34a124eaf17d73b8efff76e75e91db3cf5c701936691a44,yes
#387,R2,deferred to #413 (one standard-picture table),STANDARD_PICTURES,src/mssql_dump/mod.rs,35210-35466,STANDARD_PICTURES,uuid-literal,1,a6cbfd77-fcf0-40f4-a8de-ee0d3e580fe6,e673d468fd3328ab529919a88dc8f9695898ab82f77c1855e9136607580bf9fc,yes
#387,R2,deferred to #413 (one standard-picture table),STANDARD_PICTURES,src/mssql_dump/mod.rs,35210-35466,STANDARD_PICTURES,uuid-literal,1,3bdc16c8-6a96-4467-9442-a8e4804b3fa2,e8981132c6a9cd9c047eae451a86ba4b9331ac977165a76e84b65f3e8b914aa8,yes
#387,R2,deferred to #413 (one standard-picture table),STANDARD_PICTURES,src/mssql_dump/mod.rs,35210-35466,STANDARD_PICTURES,uuid-literal,1,ccb3d8f7-6da2-4c65-aba6-17b2ffbba78c,ed5c97794e176b1beb5b53d60afcdea4464513a007ea96d356301ee87712be7d,yes
#387,R2,deferred to #413 (one standard-picture table),STANDARD_PICTURES,src/mssql_dump/mod.rs,35210-35466,STANDARD_PICTURES,uuid-literal,1,70f51581-87b6-41cb-a21b-c9dcdcc7fa93,eff3b7b40d286b01676a7dd18731c4394ef31181595a6c18f22629e928e48b1d,yes
#387,R2,deferred to #413 (one standard-picture table),STANDARD_PICTURES,src/mssql_dump/mod.rs,35210-35466,STANDARD_PICTURES,uuid-literal,1,fe740df0-d828-4241-a12f-7414e12302e8,f00fe927e6bb56a2218d4370ef1a94a275d9a37188ab7e07a52ef032fea22cb9,yes
#387,R2,deferred to #413 (one standard-picture table),STANDARD_PICTURES,src/mssql_dump/mod.rs,35210-35466,STANDARD_PICTURES,uuid-literal,1,a9152be7-62cf-4523-be34-a23f018f497e,f0995a8f38db8315dd0ccdc4b614c44a2f0eb7c065f0e7809da373c9f7ba5aa0,yes
#387,R2,deferred to #413 (one standard-picture table),STANDARD_PICTURES,src/mssql_dump/mod.rs,35210-35466,STANDARD_PICTURES,uuid-literal,1,ffab30f1-da11-44b5-b34c-24da22badcf4,f17788ce9c90a490f0e22bcc18b1bafed95bb55b73ff9f83e7d7a075f9d3bdc3,yes
#387,R2,deferred to #413 (one standard-picture table),STANDARD_PICTURES,src/mssql_dump/mod.rs,35210-35466,STANDARD_PICTURES,uuid-literal,1,e3b38083-0191-4a10-8f5b-51571f2419b4,f4b5ec9b075a5c9b5ed8c90926b9286750ce8424a8f9d710d76ba9fcd6897d3b,yes
#387,R2,deferred to #413 (one standard-picture table),STANDARD_PICTURES,src/mssql_dump/mod.rs,35210-35466,STANDARD_PICTURES,uuid-literal,1,52b637e5-f95f-4c70-9a72-2a4b5a9df449,f4dececb97134d2431f7e743e7443fbf470a33c256665b50efe38223bc69eeff,yes
#387,R2,deferred to #413 (one standard-picture table),STANDARD_PICTURES,src/mssql_dump/mod.rs,35210-35466,STANDARD_PICTURES,uuid-literal,1,fad46a2b-2e56-47cc-b90c-3c2d4b061937,f81b6bebe10d7aee543f1c39bf0999cf4f5edf479f6888250495525c377f28a0,yes
#387,R2,deferred to #413 (one standard-picture table),STANDARD_PICTURES,src/mssql_dump/mod.rs,35210-35466,STANDARD_PICTURES,uuid-literal,1,1fa32fdb-a180-418f-a6eb-db7516b7a30b,f99202df97b3b46ae6a711a9b20823e52e99aaa1bedd039ba0699e45c13b8645,yes
#387,R2,deferred to #413 (one standard-picture table),STANDARD_PICTURES,src/mssql_dump/mod.rs,35210-35466,STANDARD_PICTURES,uuid-literal,1,a7707ed1-39b0-418f-974d-4d500d27a9c6,f9a0c58949a08601843d3b3f3496697276b630199bd9342ba47730b2f5f5a097,yes
#387,R2,deferred to #413 (one standard-picture table),STANDARD_PICTURES,src/mssql_dump/mod.rs,35210-35466,STANDARD_PICTURES,uuid-literal,1,c38cc4cf-111d-4bc8-8dcb-4464e2ddfb25,f9cbe0f8c71c630b26e6f5f9eea1b647e9f62fe829b1a227f6d236eef57f5b26,yes
#387,R2,deferred to #413 (one standard-picture table),STANDARD_PICTURES,src/mssql_dump/mod.rs,35210-35466,STANDARD_PICTURES,uuid-literal,1,6e3687cf-a8d1-446a-833a-bfaf38516353,fce9b5dc664ef8bc3447e2d909f0050a4c315a8e5a96feffd9136dff493558f8,yes
#387,R2,deferred to #413 (one standard-picture table),STANDARD_PICTURES,src/mssql_dump/mod.rs,35210-35466,STANDARD_PICTURES,uuid-literal,1,35bc8caa-f7ce-4158-87da-d9bf785afa39,fd2d77d29a8872ade7466622441f29d75f19adb25a533edd07badde808e93f1b,yes
#387,R2,deferred to #413 (one standard-picture table),STANDARD_PICTURES,src/mssql_dump/mod.rs,35210-35466,STANDARD_PICTURES,uuid-literal,1,c8a269ff-5b6d-4f42-9fa6-369d7b492aa7,fd49d74388b340df52493b11be95fc6ce3b36e0d894b581652379caf10734ad0,yes
#387,R2,deferred to #413 (one standard-picture table),STANDARD_PICTURES,src/mssql_dump/mod.rs,35210-35466,STANDARD_PICTURES,uuid-literal,1,fc058833-e57f-4f93-ba7a-803992a65c3e,fde055edab264a9fcb9799fc1ed60a5f7ad419c72591afd39f70344f1d074d75,yes
#387,R2,deferred to #413 (one standard-picture table),STANDARD_PICTURES,src/mssql_dump/mod.rs,35210-35466,STANDARD_PICTURES,uuid-literal,1,270de5f0-f2df-4845-9fde-30b1ec486217,fe5235a93fd6720bc2c8db02df60f956b07e020a8cdff273fb2d8828eaa0c62c,yes
#387,R2,deferred to #413 (one standard-picture table),STANDARD_PICTURES,src/mssql_dump/mod.rs,35210-35466,STANDARD_PICTURES,uuid-literal,1,9ef73565-2250-4a35-9fb3-470bd19ca9ca,ff889b23f06397fa3d1cca45e8a94306f5ac1948c228aef34e31b98ad9112e48,yes
#387,R2,deferred to #413 (one standard-picture table),STANDARD_PICTURES,src/mssql_dump/mod.rs,35210-35466,STANDARD_PICTURES,uuid-literal,1,da0c4924-973c-4ef0-9dcf-f1fc3307e5e2,ff9bffd9988ca1d2d4d9f0b069c01b8ed663fbbe8e6a45b7c60061e1383b79a1,yes
#387,R2,deferred to #413 (one standard-picture table),STANDARD_PICTURES,src/mssql_dump/mod.rs,35210-35466,STANDARD_PICTURES,uuid-literal,1,05612131-3e11-49c0-9592-07e6d9318ef7,ffe2cf333195abba40f60e9fca5bbd5c6f778c875630c5c3606b82308685569f,yes
#387,R3,fixed G3 (one kind-to-collection table),root_family_folder,src/mssql_dump/mod.rs,5800-5847,root_family_folder,name-special-case,1,"""IntegrationService""",00ad6055fdaddde139db0fbf4ed32841ecc9ab12d0a1284ed869441bf5885d32,no
#387,R3,fixed G3 (one kind-to-collection table),root_family_folder,src/mssql_dump/mod.rs,5800-5847,root_family_folder,name-special-case,1,"""AccountingRegister""",01b36a2ca679b6f062dd959e0dc857cbf3e6be0acfc4c2bb5114a64edf250790,no
#387,R3,fixed G3 (one kind-to-collection table),root_family_folder,src/mssql_dump/mod.rs,5800-5847,root_family_folder,name-special-case,1,"""CalculationRegister""",0efe5b4598c708cb9322573cf114f3834c287a6a5c65aaf01251a46954f034b2,no
#387,R3,fixed G3 (one kind-to-collection table),root_family_folder,src/mssql_dump/mod.rs,5800-5847,root_family_folder,name-special-case,1,"""XDTOPackage""",137acabfc1b7688c915a925326eda2bd5810403835f182f8bac1f944fa35300f,no
#387,R3,fixed G3 (one kind-to-collection table),root_family_folder,src/mssql_dump/mod.rs,5800-5847,root_family_folder,name-special-case,1,"""CommonPicture""",141d1881a8e8febdf2752d49e9367d98d12c0b54f3127865cfd997bcc6cdc928,no
#387,R3,fixed G3 (one kind-to-collection table),root_family_folder,src/mssql_dump/mod.rs,5800-5847,root_family_folder,name-special-case,1,"""Language""",16c95eec4ebe6b8f50aa6616042be8d6eea2295e44afc8245277ce662da96f9f,no
#387,R3,fixed G3 (one kind-to-collection table),root_family_folder,src/mssql_dump/mod.rs,5800-5847,root_family_folder,name-special-case,1,"""FunctionalOptionsParameter""",1bae3a8b1dd8c1eb5fd1c19a363e9ca7d1b21a96828e0b1ffa199af6427401ed,no
#387,R3,fixed G3 (one kind-to-collection table),root_family_folder,src/mssql_dump/mod.rs,5800-5847,root_family_folder,name-special-case,1,"""ChartOfCalculationTypes""",29f68b506eb17cfb88cf2c1142350ee9c0fab2dbc97553ecc3b42a838ab92cbc,no
#387,R3,fixed G3 (one kind-to-collection table),root_family_folder,src/mssql_dump/mod.rs,5800-5847,root_family_folder,name-special-case,1,"""SettingsStorage""",2cc057e93bfde8cb7db64a7b7ad7686c0c2c74494341a2aec3d2773c665c15ca,no
#387,R3,fixed G3 (one kind-to-collection table),root_family_folder,src/mssql_dump/mod.rs,5800-5847,root_family_folder,name-special-case,1,"""Role""",303b1f5d059d187dc5416c09c0ed9ebfb210e8b32152ab45771cee011e7fa5df,no
#387,R3,fixed G3 (one kind-to-collection table),root_family_folder,src/mssql_dump/mod.rs,5800-5847,root_family_folder,name-special-case,1,"""DocumentJournal""",357fa4f195831e561ef05eb44b33dbec702a455628b481576ac32e073b444e9c,no
#387,R3,fixed G3 (one kind-to-collection table),root_family_folder,src/mssql_dump/mod.rs,5800-5847,root_family_folder,name-special-case,1,"""Subsystem""",3a7951ee52619b11e564e73c151ad8f5f309e84fa78886649bc3b830442daf0d,no
#387,R3,fixed G3 (one kind-to-collection table),root_family_folder,src/mssql_dump/mod.rs,5800-5847,root_family_folder,name-special-case,1,"""ExchangePlan""",4214c3b86b5e9c17fb6c6bcfd48559f61c2ab8b86b51564f0cdefe2a33881e73,no
#387,R3,fixed G3 (one kind-to-collection table),root_family_folder,src/mssql_dump/mod.rs,5800-5847,root_family_folder,name-special-case,1,"""HTTPService""",462e281040bda6a29fe17135268c71f9115e565ab1fcdf4853ea73bfc47759f5,no
#387,R3,fixed G3 (one kind-to-collection table),root_family_folder,src/mssql_dump/mod.rs,5800-5847,root_family_folder,name-special-case,1,"""DataProcessor""",49de9283a5875e2e1aac4f341d24edaa72ae51e7c324b481bddd1d3777fe700d,no
#387,R3,fixed G3 (one kind-to-collection table),root_family_folder,src/mssql_dump/mod.rs,5800-5847,root_family_folder,name-special-case,1,"""CommandGroup""",4d69c6cdb62d047f488373bb48cdd19d2f5978b7e997d4d235356eefc2876de0,no
#387,R3,fixed G3 (one kind-to-collection table),root_family_folder,src/mssql_dump/mod.rs,5800-5847,root_family_folder,name-special-case,1,"""WSReference""",4f412d717f9d1e7995e59d3b57a2930ae334ef73765a7399927d78a2fea64d99,no
#387,R3,fixed G3 (one kind-to-collection table),root_family_folder,src/mssql_dump/mod.rs,5800-5847,root_family_folder,name-special-case,1,"""CommonForm""",563b881eedd28d461a5d112355ae740e342ce6ea1f707f32737453b0889811a1,no
#387,R3,fixed G3 (one kind-to-collection table),root_family_folder,src/mssql_dump/mod.rs,5800-5847,root_family_folder,name-special-case,1,"""CommonCommand""",6da04c69b773464c6b016f9d906324aa5626cdcbb50428bd37ebb4476685d4c7,no
#387,R3,fixed G3 (one kind-to-collection table),root_family_folder,src/mssql_dump/mod.rs,5800-5847,root_family_folder,name-special-case,1,"""Enum""",7525b8af63a7414ef7a494be2c64c6503e52353307c4d5c11be6e4d2e6a0de4c,no
#387,R3,fixed G3 (one kind-to-collection table),root_family_folder,src/mssql_dump/mod.rs,5800-5847,root_family_folder,name-special-case,1,"""CommonModule""",7925a07502b4a907f58187183f52b6372815149ef7e412612a8d1778c7e3d0ce,no
#387,R3,fixed G3 (one kind-to-collection table),root_family_folder,src/mssql_dump/mod.rs,5800-5847,root_family_folder,name-special-case,1,"""StyleItem""",7a743ad5d5a74cf756f75981dfee0d2e96ec5d8b6920e5fcf89e520171e60167,no
#387,R3,fixed G3 (one kind-to-collection table),root_family_folder,src/mssql_dump/mod.rs,5800-5847,root_family_folder,name-special-case,1,"""BusinessProcess""",80be0a4be9e3a1fbf06a5ccab43ca979335e1243ce0e6b345d2a9765e756a574,no
#387,R3,fixed G3 (one kind-to-collection table),root_family_folder,src/mssql_dump/mod.rs,5800-5847,root_family_folder,name-special-case,1,"""FilterCriterion""",86866ea153a62b1c7e5165931ef3ea547b98540fd6c12899e42fa4a517c05e60,no
#387,R3,fixed G3 (one kind-to-collection table),root_family_folder,src/mssql_dump/mod.rs,5800-5847,root_family_folder,name-special-case,1,"""SessionParameter""",8c1f009b98c81faf88ceb97bd5f7d4b7452ad66aaa5d8c29ab7d0b0343603af0,no
#387,R3,fixed G3 (one kind-to-collection table),root_family_folder,src/mssql_dump/mod.rs,5800-5847,root_family_folder,name-special-case,1,"""CommonTemplate""",8d4f9f004718591b20595da02a10731e671620cd9dd4c2f03a159b805993b232,no
#387,R3,fixed G3 (one kind-to-collection table),root_family_folder,src/mssql_dump/mod.rs,5800-5847,root_family_folder,name-special-case,1,"""ExternalDataSource""",952d2ab3247b871bb5224a5c06509ccef213a3a5cf6ff34052b868e55ea63f6f,no
#387,R3,fixed G3 (one kind-to-collection table),root_family_folder,src/mssql_dump/mod.rs,5800-5847,root_family_folder,name-special-case,1,"""AccumulationRegister""",9617b37416c85986058a634cfdf9bfade93dae019107736153d4e1686eaab5d8,no
#387,R3,fixed G3 (one kind-to-collection table),root_family_folder,src/mssql_dump/mod.rs,5800-5847,root_family_folder,name-special-case,1,"""WebService""",a3171d05cbce0ea538873d0a945175b69d2f37520ddefe91d2997ac19c1c6f9d,no
#387,R3,fixed G3 (one kind-to-collection table),root_family_folder,src/mssql_dump/mod.rs,5800-5847,root_family_folder,name-special-case,1,"""FunctionalOption""",a3738a2ac3e3d69406876e6664a0d4f4a75f01cc8273acb86827b99e8e2c3f2e,no
#387,R3,fixed G3 (one kind-to-collection table),root_family_folder,src/mssql_dump/mod.rs,5800-5847,root_family_folder,name-special-case,1,"""Style""",a73a6754ff4fe8486a61d84fc00c99360221ce7f3489126fb4197f583a1897f3,no
#387,R3,fixed G3 (one kind-to-collection table),root_family_folder,src/mssql_dump/mod.rs,5800-5847,root_family_folder,name-special-case,1,"""DefinedType""",a992fc8d6773281d4cefbd243b363ede7b647df3b2aec670f3bc13992929c5d5,no
#387,R3,fixed G3 (one kind-to-collection table),root_family_folder,src/mssql_dump/mod.rs,5800-5847,root_family_folder,name-special-case,1,"""EventSubscription""",a9aad374c9cc8d887381b863c075e22d9871b54f9abbbdb06b2573636c859b56,no
#387,R3,fixed G3 (one kind-to-collection table),root_family_folder,src/mssql_dump/mod.rs,5800-5847,root_family_folder,name-special-case,1,"""CommonAttribute""",aba774cfa7ec70ae2387e1928d5a4410e9e6dc42c6e58d8c0ef7f941b04a3a02,no
#387,R3,fixed G3 (one kind-to-collection table),root_family_folder,src/mssql_dump/mod.rs,5800-5847,root_family_folder,name-special-case,1,"""Sequence""",b8e0532c980997922728de795e5e888656e74fb95dc396f45b7d5c40d13ede89,no
#387,R3,fixed G3 (one kind-to-collection table),root_family_folder,src/mssql_dump/mod.rs,5800-5847,root_family_folder,name-special-case,1,"""Bot""",ba4c5274162ab9b3096be9e2785ac5ea6aa42d047166ada0b7c7ef5932ff09b9,no
#387,R3,fixed G3 (one kind-to-collection table),root_family_folder,src/mssql_dump/mod.rs,5800-5847,root_family_folder,name-special-case,1,"""ScheduledJob""",bb0a9a3176aecfca17a9cbccb1155c24428df815daaf8a001872f39a6587d1a5,no
#387,R3,fixed G3 (one kind-to-collection table),root_family_folder,src/mssql_dump/mod.rs,5800-5847,root_family_folder,name-special-case,1,"""InformationRegister""",c2c1af7050ae0c84a7221ceeef91032c3bef7cc00a24cb5d5ce5267c511688a6,no
#387,R3,fixed G3 (one kind-to-collection table),root_family_folder,src/mssql_dump/mod.rs,5800-5847,root_family_folder,name-special-case,1,"""ChartOfAccounts""",ccf5f536b11e16dbdb9b36ecef795fca5721d59b62e426bf0ba28a037864e613,no
#387,R3,fixed G3 (one kind-to-collection table),root_family_folder,src/mssql_dump/mod.rs,5800-5847,root_family_folder,name-special-case,1,"""Task""",cfd640461d489d40b5694fce840d865e9de7e522ceb59689ad80ab6eafee1ea7,no
#387,R3,fixed G3 (one kind-to-collection table),root_family_folder,src/mssql_dump/mod.rs,5800-5847,root_family_folder,name-special-case,1,"""Report""",d061bb67edb4e60692722c170d54ca88eeed3dc58658379fc9c8e9547ee5e030,no
#387,R3,fixed G3 (one kind-to-collection table),root_family_folder,src/mssql_dump/mod.rs,5800-5847,root_family_folder,name-special-case,1,"""DocumentNumerator""",d0a8c270d2eb9d96fb90db56f5400709edcaca546c7873845fe42241bb625894,no
#387,R3,fixed G3 (one kind-to-collection table),root_family_folder,src/mssql_dump/mod.rs,5800-5847,root_family_folder,name-special-case,1,"""Catalog""",d3b22fa5b2a30a151aa929a3f4f89e1cfa4da71a18aec9176daf4ecbcae71404,no
#387,R3,fixed G3 (one kind-to-collection table),root_family_folder,src/mssql_dump/mod.rs,5800-5847,root_family_folder,name-special-case,1,"""ChartOfCharacteristicTypes""",d95e5f589ee521cc3f9763e5460fcd78f617d754406826e9ecd96a6a2047a012,no
#387,R3,fixed G3 (one kind-to-collection table),root_family_folder,src/mssql_dump/mod.rs,5800-5847,root_family_folder,name-special-case,1,"""Document""",e04c20c441cc7b31b83b8b8010636f0e80eca45a52fce135b5b005e853d12e6c,no
#387,R3,fixed G3 (one kind-to-collection table),root_family_folder,src/mssql_dump/mod.rs,5800-5847,root_family_folder,name-special-case,1,"""Constant""",e3950d9da21ba9667783f07bf29a4c113962481649e197557f4fffbe44af19bb,no
#387,R4,keep,type-description marker,src/mssql_dump/extension_types.rs,48,render,name-special-case,1,"r##""""#""""##",d4f402bf27cdb0fc8e0c56e8ad6cb4e467cc867cf2e2dc4d4cc9aa25519011a6,yes
#387,R4,keep,form item revision,src/mssql_dump/form/xml_2_21_writer.rs,1420-1423,default_button_importance,name-special-case,1,"""34""",16b9476046e89da98da1405283afcd1a306701e062b1f8a199bf3f685acec934,yes
#387,R4,keep,record tag or code,src/mssql_dump/form_body.rs,931,with_unidentified_form_items_numbered,name-special-case,1,"""7""",7c243214aedfd182485639416705f63729b0cd9b1f5b805f2f16eb8819875a1f,yes
#387,R4,keep,record tag or code,src/mssql_dump/form_body.rs,931,with_unidentified_form_items_numbered,name-special-case,1,"""22""",f609e551f8929405d53c77479c7a45305f61bb1eaa90934e9b6a83ca92e1801b,yes
#387,R4,keep,record tag or code,src/mssql_dump/form_body.rs,17787,parse_form_usual_group_compact_bag_behavior,name-special-case,1,"""0""",d0612729bfc139664f3172ad2712ea984bc7c8d7748a4f0c68db7b1a0159f329,yes
#387,R4,keep,record tag or code,src/mssql_dump/form_body.rs,17788,parse_form_usual_group_compact_bag_behavior,name-special-case,1,"""1""",3dbb1b3244b366179f58148d92d7747958b79d6f5b1416c540386d72f1ebfe2f,yes
#387,R4,keep,record tag or code,src/mssql_dump/form_body.rs,17789,parse_form_usual_group_compact_bag_behavior,name-special-case,1,"""2""",f75300fa2f78e3f6f112cd7a083c940c48af5261eb28c7da4e75570a34d27611,yes
#387,R4,keep,record flag,src/mssql_dump/form_extension.rs,47,parse_form_event_block,name-special-case,1,"""0""",ee33c6cb3fa3f826a8692b249626996ec42ec486ba6ffd88e5074195a3aa5200,yes
#387,R4,keep,record flag,src/mssql_dump/form_extension.rs,47,parse_form_event_block,name-special-case,1,"""1""",fa081f34189b37fff699d3bbaa9a5660ac75714d1ba50f6b50120db0ffe0de6e,yes
#387,R4,keep,record flag,src/mssql_dump/form_extension.rs,213,adopted_base_record_slot,name-special-case,1,"""1""",b657b7e4ce6bad6d75dbbb6f1484b602def1091d19640417f733749f685cf5a9,yes
#387,R4,keep,record version or type-pattern marker,src/mssql_dump/metadata.rs,183-185,without_adoption_headers,name-special-case,1,"""{2,""",b30e5f3f6a5a535fffd69137e0dac9fbd26542f082c3d7fc668d5cd009f5eef1,yes
#387,R4,keep,record version or type-pattern marker,src/mssql_dump/metadata.rs,199,without_adoption_headers,name-special-case,1,"""{3""",306b599f7d84980d45549ec07640feb6c7578dac9a11a91fb5eef62bdbfd7a7b,yes
#387,R4,keep,record version or type-pattern marker,src/mssql_dump/metadata.rs,201,without_adoption_headers,name-special-case,1,"""{2""",9ed1568eb8e48f4f482ae3c9d630034750e435c241ef43307e218c63c5366606,yes
#387,R4,keep,record version or type-pattern marker,src/mssql_dump/metadata.rs,224,without_adoption_headers,name-special-case,1,"""3""",ff29a8d384d5481223da90f9c2198a2d812fad1322b5d417ea2835e4eb124f95,yes
#387,R4,keep,record version or type-pattern marker,src/mssql_dump/metadata.rs,254,without_adoption_headers,name-special-case,2,"""3""",bcca62befad15c21572f8d4e72de07bc2e800b1bf911a5cf793904820fd5c542,yes
#387,R4,keep,record version or type-pattern marker,src/mssql_dump/metadata.rs,277-279,without_adoption_headers,name-special-case,1,"""{\""Pattern\""""",78ece8f7bb2f9a65fb93929d82232ac25c95d4e84ca4abfdef620580762f4cf1,yes
#387,R4,keep,record version or type-pattern marker,src/mssql_dump/metadata.rs,308-313,widened_type_pattern,name-special-case,1,"r##""""#""""##",2f2296082e493259fbfd11c1bae6f3380be2fe6e11c88d2fe2bdf7e617f6650b,yes
#387,R4,keep,record version or type-pattern marker,src/mssql_dump/metadata.rs,308-313,widened_type_pattern,name-special-case,1,"""{\""Pattern\""""",35ee695b777e1a5d0dc517ebb9553ded8cb0cde4b93e77cf18eb9ecc61624724,yes
#387,R4,keep,config storage row names,src/mssql_dump/mod.rs,3930-3934,dump_table_rows_with_options_mode,name-special-case,1,"""root""",0c6405ecaaf781e73f209645b7b2cc44c4718961cd1c0aff3e8e489281791090,yes
#387,R4,keep,config storage row names,src/mssql_dump/mod.rs,3930-3934,dump_table_rows_with_options_mode,name-special-case,1,"""configinfo""",2c09ad5fd8cdba21f74bb45530eeb6f2299c853fa63181b3dd6291f1884b9965,yes
#387,R4,keep,record flag or version code,src/mssql_dump/mod.rs,8178,parse_exchange_plan_content_extension,name-special-case,1,"""2""",e720bb7cebd0f4c2db2babfacb035dc9d68a916a1d59ea6ad890bfa652cd1750,yes
#387,R4,keep,record flag or version code,src/mssql_dump/mod.rs,8181,parse_exchange_plan_content_extension,name-special-case,1,"""1""",19c9e71f67125e4cbc21ba970703695c60ff03434865e057435fad7ac02abde0,yes
#387,R4,keep,record flag or version code,src/mssql_dump/mod.rs,15829,parse_information_register_owner_header,name-special-case,1,"""0""",ccd51779a5c37c342438ca887fd6a4433ba3dc93f1b700f598edb4ae87788f96,yes
#387,R4,keep,record flag or version code,src/mssql_dump/mod.rs,15830,parse_information_register_owner_header,name-special-case,1,"""1""",a5eaff48f5a216adadf097e3e2de5d33b6d46378b35d2bb68a73da8404d0ab5d,yes
#387,R4,keep,record flag or version code,src/mssql_dump/mod.rs,15849-15852,parse_information_register_owner_header,name-special-case,1,"""0""",3e6c955a5aa40a28ecc3ec5c99909aa7cf42c01b1ea51b55c790787c08cc9d3a,yes
#387,R4,keep,record flag or version code,src/mssql_dump/mod.rs,16209,parse_information_register_standard_attribute_bag,name-special-case,1,"""14""",0eb7b8dce296b741528c9b8cc710787ec81196f0bb20be843793b0a9d3e778e3,yes
#387,R4,keep,record flag or version code,src/mssql_dump/mod.rs,16209,parse_information_register_standard_attribute_bag,name-special-case,1,"""13""",cd3f758f71b3b623ea5aeeccbe30479c93952925839bfd1e67a96898fd46f274,yes
#387,R4,keep,record flag or version code,src/mssql_dump/mod.rs,25901,parse_cct_standard_attributes,name-special-case,2,"""0""",421ae210f94d18e2b15d4c125fc3a1dde0b04a0f719a3885d788fa229aa688c8,yes
#387,R4,keep,record version or shape code,src/mssql_dump/refs.rs,4465,parse_configuration_used_mobile_application_functionalities,name-special-case,1,"""1""",3d176eb55857b92a5c77a6deafbe575b3eb2a7056382177e2bae6aafdf6312e5,yes
#387,R4,keep,record version or shape code,src/mssql_dump/refs.rs,4465,parse_configuration_used_mobile_application_functionalities,name-special-case,1,"""2""",9412671b654e9e1f0f9c3acd34da79f80b8bee3e01a25bda765c5eba623c3a89,yes
#387,R4,keep,record version or shape code,src/mssql_dump/refs.rs,4529-4534,parse_configuration_used_mobile_application_functionalities,name-special-case,1,"""2.20""",057e3654fad19dd879cc2ac7074f1369d668c904a48526f9a195e986054b7b8b,yes
#387,R4,keep,record version or shape code,src/mssql_dump/refs.rs,4529-4534,parse_configuration_used_mobile_application_functionalities,name-special-case,1,"""2.21""",78afb058e3b03a46933aaf55e819b8c2b2762fd2630caa95217fd6cc8e9a4bda,yes
#387,R4,keep,record version or shape code,src/mssql_dump/refs.rs,4529-4534,parse_configuration_used_mobile_application_functionalities,name-special-case,1,"""1""",9fc7df8201cdc53086e6a4020e71d1aa7ad07d533f01a746413e101f9de14caa,yes
#387,R4,keep,record version or shape code,src/mssql_dump/refs.rs,4529-4534,parse_configuration_used_mobile_application_functionalities,name-special-case,1,"""0""",b74073b2374305dfa665cf14ca607cb4d62c04ec80f502072fb7052f9a6d704e,yes
#387,R4,keep,record version or shape code,src/mssql_dump/refs.rs,4689,configuration_root_property_fields,name-special-case,1,"""68""",6f45b610e67d641d80a47e89b3a923d112835aa6ccc128e34623912d20e56859,yes
#387,R4,keep,record version or shape code,src/mssql_dump/refs.rs,4691-4695,configuration_root_property_fields,name-special-case,1,"""68""",8680f4468b92c660346927bd8ff5d22d36e02077346149ed91996d22bdc270fd,yes
#387,R4,keep,record version or shape code,src/mssql_dump/refs.rs,4691-4695,configuration_root_property_fields,name-special-case,1,"""1""",fb1e8674059b4277a7eb9be356e122a8b6cf143738ae03e379d46f0627897755,yes
#387,R4,keep,record version or shape code,src/mssql_dump/refs.rs,4740-4746,is_configuration_root_property_header,name-special-case,1,"""3""",583301983134437709c3ad10daf1158a4d57cfc186384736feeabefb470259f6,yes
#387,R4,keep,record version or shape code,src/mssql_dump/refs.rs,4740-4746,is_configuration_root_property_header,name-special-case,1,"""2""",a18bf48e4440f28e248175af5c7bd6871fb3cef39213ce15d77e3dfd4f3c42da,yes
#387,R4,keep,access value code,src/mssql_dump/role_rights.rs,988,parse_role_right_value,name-special-case,1,"""0""",442ccfb290728b8954215fe2487607370084bff60d6de4fbd50160460a159f1b,yes
#387,R4,keep,access value code,src/mssql_dump/role_rights.rs,988,parse_role_right_value,name-special-case,1,"""2""",b2503a34393b20f4d4ddef2f7328190fb8a105fa7de5be5e06bec15761cb0b84,yes
#387,R4,keep,access value code,src/mssql_dump/role_rights.rs,988,parse_role_right_value,name-special-case,1,"""-1""",cccc3aa7c9e62ec1d7cf85d339bae6c9a61fdda914cad3c11e6e505b464f76af,yes
#387,R4,keep,storage file suffix,src/mssql_dump/source_assets.rs,203-207,dynamic_source_asset,name-special-case,1,"""a""",59b1941701314a860fb7436f3136907750d14c80b5c17f1b7658c9dc9223aa35,yes
#387,R4,keep,storage file suffix,src/mssql_dump/source_assets.rs,203-207,dynamic_source_asset,name-special-case,1,"""9""",c8ea8561fa016740fb0491997299dff1ddb765d308f556273726c5abd91e8d5d,yes
#387,R4,keep,record version or tag,src/mssql_dump/upgrade.rs,60,retag_owner,name-special-case,1,"""1""",d5931ea8c12f7bc34036142ce7343271549369f03d310d1a040a6543d72ace01,yes
#387,R4,keep,record version or tag,src/mssql_dump/upgrade.rs,99,upgrade_form_record,name-special-case,1,"""1""",a6e941f35c620ceead20def2f55b174686a39619ce9520dd5498c180fdea66df,yes
#387,R4,keep,record version or tag,src/mssql_dump/upgrade.rs,104,upgrade_form_record,name-special-case,1,"""0""",c9e26a4085108806e7d9db0d19dc2bc312b2292f17139ab7a98efb2f68cb5373,yes
#387,R4,keep,record version or tag,src/mssql_dump/upgrade.rs,104,upgrade_form_record,name-special-case,1,"""4""",ca90a661ce3878101b2711b1659bd98ce443f773a900dd9469060c38630fae35,yes
#387,R4,keep,record version or tag,src/mssql_dump/upgrade.rs,109-113,upgrade_form_record,name-special-case,1,"""{3,""",2a0c680140b3a0485726b4308da6b73a5d235ad9edba27ee17ca998072c36de5,yes
#387,R4,keep,record version or tag,src/mssql_dump/upgrade.rs,109-113,upgrade_form_record,name-special-case,1,"""12""",fc909ada8cfeae80b3557b01ea8f6619256f92dd01122a37bf033244ab1c8faa,yes
#387,R4,keep,record version or tag,src/mssql_dump/upgrade.rs,127-134,is_code3_picture_with_two_header,name-special-case,1,"""{2,""",1c26cec53555deae653e499571433d094e9fa55381ee78c260557d9cf02ba20f,yes
#387,R4,keep,record version or tag,src/mssql_dump/upgrade.rs,127-134,is_code3_picture_with_two_header,name-special-case,1,"""3""",572647d28da294e6583702f8817a6818fdc0857320a238026b014b082230d9b1,yes
#387,R4,keep,record version or tag,src/mssql_dump/upgrade.rs,127-134,is_code3_picture_with_two_header,name-special-case,1,"""1""",9a3f86287310c340493332fd5a77e20bcac49d80f19d4c109fb13c6446f7cef9,yes
#387,R4,keep,record version or tag,src/mssql_dump/upgrade.rs,150,upgrade_common_picture,name-special-case,1,"""1""",15008dfa83c0d06df52f09c5e84efc7466caf71dac103332900f1a7d684066a5,yes
#387,R4,keep,record version or tag,src/mssql_dump/upgrade.rs,150,upgrade_common_picture,name-special-case,1,"""0""",cf559ff63899d6d50a27c50ce96bdbe19907368a504074f1f31404f2b75a7019,yes
#387,R4,keep,record version or tag,src/mssql_dump/upgrade.rs,155,upgrade_common_picture,name-special-case,1,"""3""",4587cf0f56c78760cde7bf0180b9c4b922aade7c9459780b47036169f336d089,yes
#387,R4,keep,record version or tag,src/mssql_dump/upgrade.rs,181,upgrade_exchange_plan,name-special-case,1,"""5""",30a626257933db0b9444980465defef3e460869fb2cfaeaed7c7fe91942b4574,yes
#387,R4,keep,record version or tag,src/mssql_dump/upgrade.rs,181,upgrade_exchange_plan,name-special-case,1,"""1""",aac1077bbe5bb2a5009b4a41165127da93de8e1ee693b9b320523feb73f50cc8,yes
#387,R4,keep,record version or tag,src/mssql_dump/upgrade.rs,186,upgrade_exchange_plan,name-special-case,1,"""35""",5513c99c67ade9d9c9560cdd74cc35868d8803608be48ce0ba17c06f7352406e,yes
#387,R4,keep,record version or tag,src/mssql_dump/upgrade.rs,226,upgrade_header_blocks,name-special-case,1,"b""{1""",a74e5f5695e601480fc78c592dfa0463b46894c383664cff90bcab09d6270a35,yes
#387,R4,keep,record version or tag,src/mssql_dump/upgrade.rs,226,upgrade_header_blocks,name-special-case,1,"b""{0""",bff67af547b6bed5c03096d108fe23411ce8e4824b46fe4cbbab8c811c21a97e,yes
#387,R4,keep,record version or tag,src/mssql_dump/upgrade.rs,313,header_block_at,name-special-case,1,"""0""",339843896ba34b3fb7a3d2ceabd86c59ae5cb05dd26c2ad139b8f905595d7855,yes
#387,R4,keep,record version or tag,src/mssql_dump/upgrade.rs,313,header_block_at,name-special-case,1,"""1""",ab0e793f239362eb8b58f7af215cf258f428364373df5a9679fd7c24d4dd8c92,yes
#387,R4,keep,record version or tag,src/mssql_dump/upgrade.rs,313,header_block_at,name-special-case,1,"""2""",faf924b0ab2b95798ed5e1a719599f8ed8926eb388f446a5b69dbe026a3c33f1,yes
#387,R4,keep,record version or tag,src/mssql_dump/upgrade.rs,324,header_block_at,name-special-case,1,"""0""",7b51a0cff2733a86270a4e138dde80e54723dd36602f085f3a8eb97cdb53fd00,yes
#387,R4,keep,record version or tag,src/mssql_dump/upgrade.rs,327,header_block_at,name-special-case,1,"""0""",1f7ba5427dbc34be0d81b76a35efcab63d908b72bc55622a26545a43bb9d2dd1,yes
#387,R4,keep,record version or tag,src/mssql_dump/upgrade.rs,328,header_block_at,name-special-case,2,"""2""",51bbd19c8bc9dd5f467e959429d68337bf9b0cd69e8fbdf715340e20200a368e,yes
#387,R4,keep,record version or tag,src/mssql_dump/upgrade.rs,328,header_block_at,name-special-case,1,"""0""",91e93e6980f8fc5279624f881bad9c712d4915b7c6e923fdc546574fc85a898b,yes
#387,R4,keep,record version or tag,src/mssql_dump/upgrade.rs,339,header_block_at,name-special-case,1,"""2""",f01c31d38223925d9d525f6e97cb24b4bc50f1e596e2692152fff04a141dc154,yes
#387,R4,keep,record version or tag,src/mssql_dump/upgrade.rs,342,header_block_at,name-special-case,1,"""0""",39eb1d693d778a02aa7804c81c1ba9af09278f2d7155e50cf63cd90979146808,yes
#387,R4,keep,record version or tag,src/mssql_dump/upgrade.rs,342,header_block_at,name-special-case,1,"""2""",3c3fbb7d05565e983e343d7833d999b88176308723fd54975e2495b3047a1b31,yes
#387,R4,keep,record version or tag,src/mssql_dump/upgrade.rs,342,header_block_at,name-special-case,1,"""1""",d1dd0cc34170bdd9cb8e8afb967888a3097cddaabce0a8b9864c1ae826b19eb8,yes
#387,R5,keep,type id,src/module_blob.rs,30524,builtin_v8_type_id,uuid-literal,1,280f5f0e-9c8a-49cc-bf6d-4d296cc17a63,49b53538cee83e11a8a464341450ebac492a0333a32eed2dd92aeb98853bd0f0,yes
#387,R5,keep,class uuid,src/mssql_dump/dcs.rs,48,ANY_IB_REF_TYPE_ID,uuid-literal,1,280f5f0e-9c8a-49cc-bf6d-4d296cc17a63,5c9671c07ca454217586af93dfbc8ce22a7dfa81d1e713a1d3a78b17d673faca,yes
#387,R5,keep,class uuid,src/mssql_dump/extension_types.rs,20,TYPE_DESCRIPTION,uuid-literal,1,f5c65050-3bbb-11d5-b988-0050bae0a95d,a78d5070a20eff524c96901c3773febd9adf7243d8a61dd2dc5ab1ed9cdc20b7,yes
#387,R5,keep,event or item class uuid,src/mssql_dump/form_body.rs,863-869,V85_ONLY_EVENTS,uuid-literal,1,c676f87f-6c33-4dba-aad8-0526726d1bcf,3056ec9a5f8fd195729d0660be1a06b46d4b7c0e10da93d03ff02323c682c1c5,yes
#387,R5,keep,event or item class uuid,src/mssql_dump/form_body.rs,863-869,V85_ONLY_EVENTS,uuid-literal,1,147fd867-8f22-4463-939d-4b48c5860c89,3954c67dd5eb8bcf4f5ff5b19caf65079abcf22976413664f861aea32c8c8a84,yes
#387,R5,keep,event or item class uuid,src/mssql_dump/form_body.rs,884,FORM_ITEM_IDENTITY_UUID,uuid-literal,1,02023637-7868-4a5f-8576-835a76e0c9ba,adf8686f92012440641a1b9796394706c64a8e50fbd67b07bd63bed61f8b150a,yes
#387,R5,keep,class or nil uuid,src/mssql_dump/metadata.rs,180,without_adoption_headers,uuid-literal,1,00000000-0000-0000-0000-000000000000,1ea6667b90574864bf35df6c59a5cec1b23f5b5be779056a7cb637cf8b1d2d69,yes
#387,R5,keep,class or nil uuid,src/mssql_dump/metadata.rs,183-185,without_adoption_headers,uuid-literal,1,9cd510cd-abfc-11d4-9434-004095e12fc7,acb1c73db83d6335609027db09036cf47ef3ccb5680a833e24f30ef33b1f002e,yes
#387,R5,keep,class or nil uuid,src/mssql_dump/metadata.rs,303,WIDENED_TYPE,uuid-literal,1,b1053250-abe6-11d4-9434-004095e12fc7,b0937d920e37d14c15aa383ca7db842c1e4e648119c8d1e5b3039d71e1e38679,yes
#387,R5,keep,class or nil uuid,src/mssql_dump/metadata.rs,308-313,widened_type_pattern,uuid-literal,1,f5c65050-3bbb-11d5-b988-0050bae0a95d,57914254f859c38fd895e7c2471eb8043a5c1a374c7dd608979ccd8f6fa82509,yes
#387,R5,keep,nil uuid,src/mssql_dump/mod.rs,35744,parse_event_subscription_properties_from_text,uuid-literal,1,00000000-0000-0000-0000-000000000000,57cc3f900ceb62b1e5ec2ed41c53317de946dcc574aa1fb1ac88d9d6dbfe0163,yes
#387,R5,keep,class or nil uuid,src/mssql_dump/refs.rs,4752-4768,is_configuration_root_property_header,uuid-literal,1,00000000-0000-0000-0000-000000000000,b18f8335e3f6e63b98613082fb563cf7c2ab4ea37879de44ea27fd2165e8469b,yes
#387,R5,keep,class or nil uuid,src/mssql_dump/refs.rs,4972-4980,CONFIGURATION_CONTAINED_OBJECT_CLASSES,uuid-literal,1,e68182ea-4237-4383-967f-90c1e3370bc7,0c793bdceb6bf484118f3c5f5d1f65fa9a96dd146e003b4fc12e2821e6eb27c1,yes
#387,R5,keep,class or nil uuid,src/mssql_dump/refs.rs,4972-4980,CONFIGURATION_CONTAINED_OBJECT_CLASSES,uuid-literal,1,fb282519-d103-4dd3-bc12-cb271d631dfc,5aa6c0679b16a3c6c8318449a0c423bd2ad0af7aa0f691a4898d8d1830e4acba,yes
#387,R5,keep,class or nil uuid,src/mssql_dump/refs.rs,4972-4980,CONFIGURATION_CONTAINED_OBJECT_CLASSES,uuid-literal,1,51f2d5d8-ea4d-4064-8892-82951750031e,67714ecf825998dd4092930eb2799fcba41301817acb0f7c558a1e6639859812,yes
#387,R5,keep,class or nil uuid,src/mssql_dump/refs.rs,4972-4980,CONFIGURATION_CONTAINED_OBJECT_CLASSES,uuid-literal,1,e3687481-0a87-462c-a166-9f34594f9bba,7f72e8ffad03cf2386e8ca23272828bcccaedfffc6d916ed018fa8eee7caba8d,yes
#387,R5,keep,class or nil uuid,src/mssql_dump/refs.rs,4972-4980,CONFIGURATION_CONTAINED_OBJECT_CLASSES,uuid-literal,1,9fcd25a0-4822-11d4-9414-008048da11f9,856c1063bebc83443320763dcd7a3a18dfbc9348685b783682e8853b95b3ced8,yes
#387,R5,keep,class or nil uuid,src/mssql_dump/refs.rs,4972-4980,CONFIGURATION_CONTAINED_OBJECT_CLASSES,uuid-literal,1,9de14907-ec23-4a07-96f0-85521cb6b53b,9ec992007c635a2d1cd8410fba1d99666949538fecf351c9611dd41b0d9306ab,yes
#387,R5,keep,class or nil uuid,src/mssql_dump/refs.rs,4972-4980,CONFIGURATION_CONTAINED_OBJECT_CLASSES,uuid-literal,1,9cd510cd-abfc-11d4-9434-004095e12fc7,d8ea13777180b17cfe246269969eafc43f4130a570f7f5ec9dad74a0bd3a0130,yes
#387,R5,keep,class uuid,src/mssql_dump/source_assets.rs,3698,HTML_TEMPLATE_DOCUMENT_UUID,uuid-literal,1,8eb4fad1-1fa6-403e-970f-2c12dbb43e23,221143b5354811abf7468656ca8298fba6c63b19102cd20b9830433d2f7efe45,yes
#387,R5,keep,nil uuid,src/mssql_dump/upgrade.rs,199,NIL_UUID,uuid-literal,1,00000000-0000-0000-0000-000000000000,4757c7292ce15909434364023704bfe8d8cd396d64e79715b3ca17c9439c7624,yes
#387,R6,keep,type qname,src/module_blob.rs,30524,builtin_v8_type_id,name-special-case,1,"""cfg:AnyRef""",954402117eff499b5ec97f85878b4165f4efc775cf9ca7411dcb024a6d5dc66a,yes
#387,R6,keep,type qname,src/mssql_dump/extension_types.rs,62,render,name-special-case,1,"""cfg:AnyIBRef""",2a92808134950c60e9cfea29e3f247dc1077eda28b73130545b63004fc4c7baa,yes
#387,R6,keep,form element tag,src/mssql_dump/form/xml_2_21_writer.rs,1420-1423,default_button_importance,name-special-case,1,"""Button""",af465754361243e08e177eaf7ff882ab1c1eb9190ed966a2e232ea38f05583c2,yes
#387,R6,keep,platform profile id,src/mssql_dump/form_body.rs,848,extract_form_body_xml_from_body_detailed_single,name-special-case,1,"""xml-2.20""",7252161b5db826797ac2fe07095a6f3c4698b4d660a2230b874ed5ef93a414a4,yes
#387,R6,keep,standard command name,src/mssql_dump/form_body.rs,28804,form_table_owns_button_standard_command,name-special-case,1,"""SelectAll""",1010df1baeefd602d89f5848fc7bde4aa9033c24c8acb493318b256d0b796273,yes
#387,R6,keep,form element tags,src/mssql_dump/form_body.rs,32482-32486,format_form_child_item_xml,name-special-case,1,"""Table""",221264e2ead167fe13ebf0428309a0555c21adcbc90c300dfba8eedaa1df5642,yes
#387,R6,keep,form element tags,src/mssql_dump/form_body.rs,32482-32486,format_form_child_item_xml,name-special-case,1,"""Popup""",25d757da89d3619fedef4c3c04ac237dfb134df37a7ab96eb84b7784ef2e52c2,yes
#387,R6,keep,form element tags,src/mssql_dump/form_body.rs,32482-32486,format_form_child_item_xml,name-special-case,1,"""Page""",70a8503af1454f87f773fcf0b4d6d299beb3551758cd1810f1b263e13bfdbf72,yes
#387,R6,keep,form element tags,src/mssql_dump/form_body.rs,32482-32486,format_form_child_item_xml,name-special-case,1,"""UsualGroup""",a15e11d0af7bafcbbc04e3264acb8ff557f4e23000d9064188b064048720d65f,yes
#387,R6,keep,form element tags,src/mssql_dump/form_body.rs,32482-32486,format_form_child_item_xml,name-special-case,1,"""ButtonGroup""",fe31b04b9b8f1e957afcb612f606c1c984981f872da73aa91c286c148b4169e0,yes
#387,R6,keep,form element tags,src/mssql_dump/form_body.rs,32482-32486,format_form_child_item_xml,name-special-case,1,"""Pages""",fec9f24d397e7466beb998363665b3c5cb3805b60271d5c843eb149234a5f204,yes
#387,R6,keep,type category name,src/mssql_dump/mod.rs,12095,merge_foreign_type_references,name-special-case,1,"""TypeSet""",771ff6700df059dedf9190c91c2dcbb17c6d0f51bf49082996fa82b6a4368079,yes
#387,R6,keep,fail-closed kind list,src/mssql_dump/mod.rs,13084-13095,extract_metadata_source_xml_from_text_row_with_owner_graph_diagnostic,name-special-case,1,"""StyleItem""",095fa9f4796c5212e137b7fef864588cc6530b4de5063403560a983ca886bc42,yes
#387,R6,keep,fail-closed kind list,src/mssql_dump/mod.rs,13084-13095,extract_metadata_source_xml_from_text_row_with_owner_graph_diagnostic,name-special-case,1,"""CommandGroup""",11bed026df3af46aa2899d2c0adf375b7d3c7beabcd216364a243bbada6f5ab2,yes
#387,R6,keep,fail-closed kind list,src/mssql_dump/mod.rs,13084-13095,extract_metadata_source_xml_from_text_row_with_owner_graph_diagnostic,name-special-case,1,"""CommonCommand""",231fe23f2c0fd0fcf953a25424f46d1347b5743cf379552ec0ea84bc8d179060,yes
#387,R6,keep,fail-closed kind list,src/mssql_dump/mod.rs,13084-13095,extract_metadata_source_xml_from_text_row_with_owner_graph_diagnostic,name-special-case,1,"""CommonModule""",5b350ced05647708ac925294439df224df424b9749968ebea30a6df07c8e1e55,yes
#387,R6,keep,fail-closed kind list,src/mssql_dump/mod.rs,13084-13095,extract_metadata_source_xml_from_text_row_with_owner_graph_diagnostic,name-special-case,1,"""Constant""",a10fc87ffe67f9bbf3c1ed492036d1693224eef8e9139f3aba4930eb57b38512,yes
#387,R6,keep,fail-closed kind list,src/mssql_dump/mod.rs,13084-13095,extract_metadata_source_xml_from_text_row_with_owner_graph_diagnostic,name-special-case,1,"""ScheduledJob""",cbedb71d0f89b6ca6917f6d818da6b99ee0a1be02cd3bd8bc13fd6cca01bcbb1,yes
#387,R6,keep,fail-closed kind list,src/mssql_dump/mod.rs,13084-13095,extract_metadata_source_xml_from_text_row_with_owner_graph_diagnostic,name-special-case,1,"""EventSubscription""",de1350bee7aebc35e991cc8834edbd34a160fb457ae89290f3027c6c9f95d395,yes
#387,R6,keep,fail-closed kind list,src/mssql_dump/mod.rs,13084-13095,extract_metadata_source_xml_from_text_row_with_owner_graph_diagnostic,name-special-case,1,"""DefinedType""",e44f5b3d9beab204e1e3e63a1745be2f03ffd0542cd401ef0277981460fe7774,yes
#387,R6,keep,fail-closed kind list,src/mssql_dump/mod.rs,13084-13095,extract_metadata_source_xml_from_text_row_with_owner_graph_diagnostic,name-special-case,1,"""FunctionalOption""",e880e5094fc8990b20798f6ab4af4fcf809af48f4af072c79830c13799f95a04,yes
#387,R6,keep,enum value of a register property,src/mssql_dump/mod.rs,16836-16893,parse_information_register_owner_properties,name-special-case,1,"""RecorderSubordinate""",ac90b40cf80229cd561e3fcaabba9ca78c7f5648d3cf8b0a14871f2393a5d8e7,yes
#387,R6,keep,enum value of a register property,src/mssql_dump/mod.rs,16836-16893,parse_information_register_owner_properties,name-special-case,1,"""Nonperiodical""",c3de17731021305a5efb42ab0aeb68eb68c97d6c50b9008afd2335651e1d9c14,yes
#387,R6,keep,reference kind prefix,src/mssql_dump/mod.rs,32093-32097,parse_owner_form_ref,name-special-case,1,"""CommonForm.""",b44868d9831ecf9e1658b001aa5c2a2188c7cfa9a15c56a53d3e9eb210e9e68d,yes
#387,R6,keep,kind name of an upgrade rule,src/mssql_dump/upgrade.rs,43,upgrade_metadata_record,name-special-case,1,"""ExchangePlan""",2b199043f41ddadfdf4b61fc567b710bc76d3d32f8b9f99934990abb42c60f7f,yes
#387,R6,keep,kind name of an upgrade rule,src/mssql_dump/upgrade.rs,44,upgrade_metadata_record,name-special-case,1,"""CommonPicture""",4860d2c5366061314094577116a83aae593ae6f67b3559bdef5b1d140381b9a2,yes
#387,R6,keep,kind name of an upgrade rule,src/mssql_dump/upgrade.rs,45,upgrade_metadata_record,name-special-case,1,"""Subsystem""",39172c9d3c5722e720c1ae7c6e2ac71e59c6fb6558f71bfbc41d3a376e7fa51d,yes
#387,R7,keep,xml fragment,src/mssql_dump/command_interface.rs,1048-1050,format_home_page_work_area_xml,xml-policy,1,"""\t<MACommandInterfaceDisplays>{displays}</MACommandInterfaceDisplays>\r\n""",353277ea2836681f80e145f1f5359fdbd9765a55d26d944b7ffbbcb91a3d03cd,yes
#387,R7,keep,dcs element name,src/mssql_dump/dcs.rs,719,data_composition_type_id_xml,xml-policy,1,"""TypeSet""",101de685c4197441e2b6ba522ef9f4599fde5a9584ce627b5e3b192fa32b7949,yes
#387,R7,keep,type element wrapper,src/mssql_dump/extension_types.rs,70-72,render,xml-policy,1,"""{outer}<Type>\r\n""",4a9339265b7a897430b985ad8cd8680047b312fc10e80ed98a1eecb0114cfd43,yes
#387,R7,keep,type element wrapper,src/mssql_dump/extension_types.rs,70-72,render,xml-policy,1,"""{outer}</Type>\r\n""",4dee43a7aeb5548a507127a171900cfba4105b92af27f4035fb5a48c28d2f06b,yes
#387,R7,keep,xml value,src/mssql_dump/form/xml_2_21_writer.rs,1426-1428,default_button_importance,name-special-case,1,"""true""",f3bba88ac4891be060b1cfce8c8bab38960fcdf7019fb183808eb4d59b6743ab,yes
#387,R7,keep,form XML fragment,src/mssql_dump/form_body.rs,875,with_v85_only_events_by_identifier,xml-policy,1,"""<Event name=\""{name}\""""",fafd5f124086ef87846baca70e30669b205ca7729e259aea7e7cd56805129b16,yes
#387,R7,keep,form XML fragment,src/mssql_dump/form_body.rs,877,with_v85_only_events_by_identifier,xml-policy,1,"""<Event name=\""{identifier}\""""",1a3a2b9084c9b14b21a3dd6da870f510e25bf42b0511e7eb91169f5335aa08e9,yes
#387,R7,keep,form XML fragment,src/mssql_dump/form_body.rs,1020-1021,ROOT_DCS_SCHEMA_NAMESPACE,xml-policy,1,"r#"" xmlns:dcssch=""http://v8.1c.ru/8.1/data-composition-system/schema""""#",610009e7a3a4041ca2aae807353c445eb751578045bb0a93b7e532a7bb598452,yes
#387,R7,keep,form XML fragment,src/mssql_dump/form_body.rs,1029,without_root_dcs_schema_namespace,name-special-case,1,"""dcssch:""",6e2b1e3fb312bde7e635a37d392c8fed324f330e3b5ed9318340f6a646ff2a08,yes
#387,R7,keep,form XML fragment,src/mssql_dump/form_body.rs,30953-30957,format_form_body_xml_with_dcs_profiles,xml-policy,1,"""\t\t<Command name=\""{}\"" id=\""{}\"">\r\n""",026bd8096f7939debadee55a5ec77338c354bc2a9d028eada21a2698cad91eb9,yes
#387,R7,keep,form XML fragment,src/mssql_dump/form_body.rs,31059,format_form_body_xml_with_dcs_profiles,xml-policy,1,"""/>\r\n""",c23a861b21d4224652923cdc81537cb0fd4a4185a05156cbcb4e30fb70e62fc0,yes
#387,R7,"keep; text patching to be replaced, #414",adopted form XML text edit,src/mssql_dump/form_extension.rs,165,with_event_call_types,xml-policy,1,"""<Event name=\""""",bf41721ba0e48a95f9fd2d6959f8e50dd8bf92730a43cdb4ea338322bd83ec48,yes
#387,R7,"keep; text patching to be replaced, #414",adopted form XML text edit,src/mssql_dump/form_extension.rs,171,with_event_call_types,xml-policy,1,"""</Event>""",21f362aac28afb61919a831b9acc85d3a2789c6299e5c0bf97efe4f079cb9911,yes
#387,R7,"keep; text patching to be replaced, #414",adopted form XML text edit,src/mssql_dump/form_extension.rs,176,with_event_call_types,xml-policy,1,"""<Event name=\""""",a05135cd7885b985e28f7d62aad433c59f0125946c337adccca29f678faf3809,yes
#387,R7,"keep; text patching to be replaced, #414",adopted form XML text edit,src/mssql_dump/form_extension.rs,182,with_event_call_types,name-special-case,1,"""callType=""",7614faa6bf046ee47ee03edaa72bf21c492e623dcf799918bdc16e5d3e752b67,yes
#387,R7,"keep; text patching to be replaced, #414",adopted form XML text edit,src/mssql_dump/form_extension.rs,259,with_adopted_form_parts,xml-policy,1,true,81d94156b1d795dbd88ab27debae61169b67d809624352f83c1459c0bdd88ba2,yes
#387,R7,"keep; text patching to be replaced, #414",adopted form XML text edit,src/mssql_dump/form_extension.rs,262,with_adopted_form_parts,xml-policy,1,"""base form XML has no <Form> root""",c74dd17165e00b3b7f6a1c33c3aff988dd9b629d6d4f323021c555664e4cafad,yes
#387,R7,"keep; text patching to be replaced, #414",adopted form XML text edit,src/mssql_dump/form_extension.rs,263,with_adopted_form_parts,xml-policy,1,"""</Form>""",42c2baff762ac6d51576088f0c2b3c6521732bfec6eea582875ac957e83a1c7b,yes
#387,R7,"keep; text patching to be replaced, #414",adopted form XML text edit,src/mssql_dump/form_extension.rs,263,with_adopted_form_parts,xml-policy,1,"""form XML has no </Form>""",d311d2409efed32ef858b2c3cd4178f4bfbd7e0beba27676d3402b706206ab8f,yes
#387,R7,"keep; text patching to be replaced, #414",adopted form XML text edit,src/mssql_dump/form_extension.rs,267-270,with_adopted_form_parts,xml-policy,1,"""\t<BaseForm version=\""{}\""/>\r\n""",1fbd46e79a53f46e558bcde05b0d179993b963d91f404267eb98eb82e79c66f0,yes
#387,R7,"keep; text patching to be replaced, #414",adopted form XML text edit,src/mssql_dump/form_extension.rs,272-275,with_adopted_form_parts,xml-policy,1,"""\t<BaseForm version=\""{}\"">\r\n""",d224fbfcc3595143d6777b97583db9c79a6b2d01ba5582e944838c20943240b2,yes
#387,R7,"keep; text patching to be replaced, #414",adopted form XML text edit,src/mssql_dump/form_extension.rs,280,with_adopted_form_parts,xml-policy,1,"""\t</BaseForm>\r\n""",7b3ad715d6c517da485693b7e03e0962e02d9b89099d04fec4d19756c46afe91,yes
#387,R7,"keep; text patching to be replaced, #414",adopted form XML text edit,src/mssql_dump/form_extension.rs,288,base_form_inner,xml-policy,1,"""<Form """,884cdb211ac914ca33bf333bb33318dd329ea03df5f6193cb7c2cad2076b50bf,yes
#387,R7,"keep; text patching to be replaced, #414",adopted form XML text edit,src/mssql_dump/form_extension.rs,290,base_form_inner,xml-policy,1,"""</Form>""",8a1958933c14a98cd9c436aa0097e7a6a94fa86b8ef0101dd78c18fd9a544e90,yes
#387,R7,keep,source XML writer fragment,src/mssql_dump/mod.rs,8217,format_exchange_plan_content_xml_with_extension,xml-policy,1,"""\t<ExtensionProperty>\r\n""",b474dcd071ceac072ad714e6677d4f7a8c6955a8d798a1ccc21f04da582e0f66,yes
#387,R7,keep,source XML writer fragment,src/mssql_dump/mod.rs,8219-8222,format_exchange_plan_content_xml_with_extension,xml-policy,1,"""\t\t<Item>\r\n\t\t\t<Metadata>{}</Metadata>\r\n\t\t\t<State>{state}</State>\r\n",1fde095976fcaf6bb610124ab957283302b9e045b1bf46ad460f5aff0efb4b08,yes
#387,R7,keep,source XML writer fragment,src/mssql_dump/mod.rs,8224,format_exchange_plan_content_xml_with_extension,xml-policy,1,"""\t</ExtensionProperty>\r\n""",4afbf8c27d8c1ad0f01c2c9f9ceed8b2d19d028c6fbf7f65787660c1c9c75a3e,yes
#387,R7,keep,source XML writer fragment,src/mssql_dump/mod.rs,37973,format_configuration_source_xml,xml-policy,1,"""\t\t\t<DefaultSearchForm/>\r\n""",4680b408d21563b7af3e9c7a249d7a5387cf23726b38fd5e7b95217ec09fe392,yes
#387,R7,keep,source XML writer fragment,src/mssql_dump/mod.rs,37996,format_configuration_source_xml,xml-policy,1,"""\t\t\t<DefaultStyle/>\r\n""",c2241ea30f77fad1481cee03cce57f9df59cdded910c28877e45ac44892cc453,yes
#387,R7,keep,source XML writer fragment,src/mssql_dump/mod.rs,40050,format_report_source_xml,xml-policy,1,"""\t\t<ChildObjects/>\r\n""",d17f43aa569972657c76f3712ee49b8b4f16052d1dc787bf45d7f531ea53403e,yes
#387,R7,keep,source XML writer fragment,src/mssql_dump/mod.rs,40344,format_business_process_source_xml,xml-policy,1,"""\t\t\t<Task>{}</Task>\r\n""",c1806adbcaedf1e9f831a1362f40d7581f395580f67f6cb99a8ba3b3b0edc1e4,yes
#387,R7,keep,source XML writer fragment,src/mssql_dump/mod.rs,40345,format_business_process_source_xml,xml-policy,1,"""\t\t\t<Task/>\r\n""",03968aebf9745decee705bc9a916e21c3286884fba74f6ce12eb9696215668c1,yes
#387,R7,keep,source XML writer fragment,src/mssql_dump/mod.rs,40347-40353,format_business_process_source_xml,xml-policy,1,"""\t\t\t<NumberPeriodicity>{}</NumberPeriodicity>\r\n\\n{task}\\n\t\t\t<CreateTas",10e6eabd5a0515b12b501e33308e574814498f23ff90b79bc39f1408a4d10541,yes
#387,R7,keep,source XML writer fragment,src/mssql_dump/mod.rs,43156-43157,format_defined_type_source_xml,xml-policy,1,"""\t\t\t<Type/>\r\n""",660739f17b5ad0490747b789c7d4f8addcd45553d8c9527ecff3036ce0dfcc99,yes
#387,R7,keep,xml fragment,src/mssql_dump/source_assets.rs,2179,EMPTY_LANGUAGE_PAIR,xml-policy,1,"b""<v8:lang></v8:lang>""",83eac4bbd30e8dc5c7e42297c4b58b09e461dcd0cbb5d8b5f215cac3c2e7caa0,yes
#387,R7,keep,xml fragment,src/mssql_dump/source_assets.rs,2199,self_close_empty_languages,xml-policy,1,"b""<v8:lang/>""",bd55170eb23a9169bc481e0ab421e8faf427d6f86032794b673243432cc7cfb8,yes
#387,R8,keep,xml+default identifier rule on a struct literal,src/mssql_dump/refs.rs,4027-4103,parse_configuration_properties_from_text,xml-policy,1,24,052b7895db8101d4fa47de1d178078f9dd128a2e2fb7de1b6c2053669e2f57ec,yes
#387,R8,keep,xml+default identifier rule on a struct literal,src/mssql_dump/refs.rs,4027-4103,parse_configuration_properties_from_text,xml-policy,1,8,05692084fcafc6bebd3dec74ec8bf4a647a19de9e0070eebab93586496c7d246,yes
#387,R8,keep,xml+default identifier rule on a struct literal,src/mssql_dump/refs.rs,4027-4103,parse_configuration_properties_from_text,xml-policy,1,4,077c83d90cfe4a093340269231b698e4b84aa56209547ad2f4638d951b630906,yes
#387,R8,keep,xml+default identifier rule on a struct literal,src/mssql_dump/refs.rs,4027-4103,parse_configuration_properties_from_text,xml-policy,1,5,18bad7fc4b662e6a08350e18f4461c2adff0cdd2917183732463a3847938b958,yes
#387,R8,keep,xml+default identifier rule on a struct literal,src/mssql_dump/refs.rs,4027-4103,parse_configuration_properties_from_text,xml-policy,1,"""Language.""",1b23409b1cf99f0422470bcf8a05c808226e88edb5128a4c9f946536f3132966,yes
#387,R8,keep,xml+default identifier rule on a struct literal,src/mssql_dump/refs.rs,4027-4103,parse_configuration_properties_from_text,xml-policy,1,14,33a75ba4138ea5edd362c4a11eb09bf4f1cc6d633373871cccc1e0cdf4847ec2,yes
#387,R8,keep,xml+default identifier rule on a struct literal,src/mssql_dump/refs.rs,4027-4103,parse_configuration_properties_from_text,xml-policy,1,9,37f4582b8ae7993e48e985b4324cc311905e38d7d985b7911f400a8fa924fcb2,yes
#387,R8,keep,xml+default identifier rule on a struct literal,src/mssql_dump/refs.rs,4027-4103,parse_configuration_properties_from_text,xml-policy,1,25,4cff182bd8dc0b31bb41795dffdf5a8449160cb493f0aab764d2060227baaa28,yes
#387,R8,keep,xml+default identifier rule on a struct literal,src/mssql_dump/refs.rs,4027-4103,parse_configuration_properties_from_text,xml-policy,1,16,5ea1e3ab2baba419691e2cbffd828e029b3cd1e9a272cdbcea1b25435d5a661e,yes
#387,R8,keep,xml+default identifier rule on a struct literal,src/mssql_dump/refs.rs,4027-4103,parse_configuration_properties_from_text,xml-policy,4,"""SettingsStorage.""",6ea49117c586dc5efabaa18ef95b8c1edd3fc12713a7c0fce2503aaf4b77ffe9,yes
#387,R8,keep,xml+default identifier rule on a struct literal,src/mssql_dump/refs.rs,4027-4103,parse_configuration_properties_from_text,xml-policy,1,39,739fff6a8dbfcd0376b4252edd156eb8444bd5e7b3d4ff949b6d822e137ce72e,yes
#387,R8,keep,xml+default identifier rule on a struct literal,src/mssql_dump/refs.rs,4027-4103,parse_configuration_properties_from_text,xml-policy,1,10,831604c911420c2f2bb1036ad690f7270fbbf7ec9c67b73a91caf5a4b97137d4,yes
#387,R8,keep,xml+default identifier rule on a struct literal,src/mssql_dump/refs.rs,4027-4103,parse_configuration_properties_from_text,xml-policy,1,"""Style.""",831d70ade304eeba368dce694176368ed128d90b22442f6bde63f6acffdaba38,yes
#387,R8,keep,xml+default identifier rule on a struct literal,src/mssql_dump/refs.rs,4027-4103,parse_configuration_properties_from_text,xml-policy,1,3,9e7295f41ea6ab318a0f9ec8cacd8bbfe85d405d04541e045f2736d5b9ab1d33,yes
#387,R8,keep,xml+default identifier rule on a struct literal,src/mssql_dump/refs.rs,4027-4103,parse_configuration_properties_from_text,xml-policy,1,22,a4cff6f22b0ff821e7d13f8550af61541a3ccce51105544af31fdccaaafe5548,yes
#387,R8,keep,xml+default identifier rule on a struct literal,src/mssql_dump/refs.rs,4027-4103,parse_configuration_properties_from_text,xml-policy,1,23,a89538da2fc496f251dbf4186c925b60980bb6b7e3266bd08981b3e01beb645c,yes
#387,R8,keep,xml+default identifier rule on a struct literal,src/mssql_dump/refs.rs,4027-4103,parse_configuration_properties_from_text,xml-policy,1,2,af4e2df4557e63dcc7606be0a00b7d5bdfc16814a5c497b26821f7646184160c,yes
#387,R8,keep,xml+default identifier rule on a struct literal,src/mssql_dump/refs.rs,4027-4103,parse_configuration_properties_from_text,xml-policy,1,6,bccd02d7f3d43bda859735f039f66de6e377a4094abad65bbc4fcb67c031eedc,yes
#387,R8,keep,xml+default identifier rule on a struct literal,src/mssql_dump/refs.rs,4027-4103,parse_configuration_properties_from_text,xml-policy,1,7,be7f74aed85cc0426461c3348aadcfd427bf5e63530f553145ddbf8f21558b71,yes
#387,R8,keep,xml+default identifier rule on a struct literal,src/mssql_dump/refs.rs,4027-4103,parse_configuration_properties_from_text,xml-policy,1,15,cfd2b5c6d4759d7b497797e85cb9bb9d58267a18549893c943d9e8d063a0de38,yes
#387,R8,keep,xml+default identifier rule on a struct literal,src/mssql_dump/refs.rs,4027-4103,parse_configuration_properties_from_text,xml-policy,1,13,de14a7538abcbca29797fe2f639e6037c4e4126bd9b0c42ff02a4cb140e98672,yes
merge 2429d691,R4,keep,record type-pattern marker (merge resolution),src/mssql_dump/mod.rs,34622-34625,parse_defined_type_properties_from_text,name-special-case,1,"r#""{""Pattern""}""#",8d9b9b33e523a880898dfa06a70fe9ed3cf4477325c9eb2f7d80e96d16b83fb4,yes
